State,County,Population
 Alabama,Autauga County,58800
 Alabama,Baldwin County,231767
 Alabama,Barbour County,25226
 Alabama,Bibb County,22284
 Alabama,Blount County,59130
 Alabama,Bullock County,10355
 Alabama,Butler County,19048
 Alabama,Calhoun County,116437
 Alabama,Chambers County,34692
 Alabama,Cherokee County,24984
 Alabama,Chilton County,45012
 Alabama,Choctaw County,12664
 Alabama,Clarke County,23091
 Alabama,Clay County,14235
 Alabama,Cleburne County,15055
 Alabama,Coffee County,53470
 Alabama,Colbert County,57232
 Alabama,Conecuh County,11594
 Alabama,Coosa County,10379
 Alabama,Covington County,37570
 Alabama,Crenshaw County,13201
 Alabama,Cullman County,87861
 Alabama,Dale County,49320
 Alabama,Dallas County,38470
 Alabama,DeKalb County,71627
 Alabama,Elmore County,87980
 Alabama,Escambia County,36768
 Alabama,Etowah County,103415
 Alabama,Fayette County,16322
 Alabama,Franklin County,32111
 Alabama,Geneva County,26662
 Alabama,Greene County,7732
 Alabama,Hale County,14788
 Alabama,Henry County,17141
 Alabama,Houston County,107213
 Alabama,Jackson County,52563
 Alabama,Jefferson County,674311
 Alabama,Lamar County,13971
 Alabama,Lauderdale County,93560
 Alabama,Lawrence County,33058
 Alabama,Lee County,174341
 Alabama,Limestone County,103561
 Alabama,Lowndes County,10319
 Alabama,Macon County,19531
 Alabama,Madison County,388156
 Alabama,Marengo County,19325
 Alabama,Marion County,29334
 Alabama,Marshall County,97609
 Alabama,Mobile County,414810
 Alabama,Monroe County,19768
 Alabama,Montgomery County,228957
 Alabama,Morgan County,123452
 Alabama,Perry County,8511
 Alabama,Pickens County,19125
 Alabama,Pike County,33003
 Alabama,Randolph County,21966
 Alabama,Russell County,59171
 Alabama,St Clair County,91494
 Alabama,Shelby County,223024
 Alabama,Sumter County,12343
 Alabama,Talladega County,82153
 Alabama,Tallapoosa County,41311
 Alabama,Tuscaloosa County,228135
 Alabama,Walker County,65345
 Alabama,Washington County,15390
 Alabama,Wilcox County,10596
 Alabama,Winston County,23540
 Alaska,Aleutians East Borough,3420
 Alaska,Aleutians West Census Area,5232
 Alaska,Anchorage Municipality,291246
 Alaska,Bethel Census Area,18664
 Alaska,Bristol Bay Borough,843
 Alaska,Chugach Census Area,7104
 Alaska,Copper River Census Area,2616
 Alaska,Denali Borough,1624
 Alaska,Dillingham Census Area,4858
 Alaska,Fairbanks North Star Borough,95667
 Alaska,Haines Borough,2079
 Alaska,Hoonah-Angoon Census Area,2356
 Alaska,Juneau City and Borough,32250
 Alaska,Kenai Peninsula Borough,58797
 Alaska,Ketchikan Gateway Borough,13950
 Alaska,Kodiak Island Borough,13097
 Alaska,Kusilvak Census Area,8368
 Alaska,Lake and Peninsula Borough,1476
 Alaska,Matanuska-Susitna Borough,107078
 Alaska,Nome Census Area,10039
 Alaska,North Slope Borough,11037
 Alaska,Northwest Arctic Borough,7794
 Alaska,Petersburg Borough,3401
 Alaska,Prince of Wales-Hyder Census Area,5759
 Alaska,Sitka City and Borough,8452
 Alaska,Skagway Municipality,1242
 Alaska,Southeast Fairbanks Census Area,6811
 Alaska,Wrangell City and Borough,2127
 Alaska,Yakutat City and Borough,663
 Alaska,Yukon-Koyukuk Census Area,5345
 Arizona,Apache County,66024
 Arizona,Cochise County,125440
 Arizona,Coconino County,145098
 Arizona,Gila County,53272
 Arizona,Graham County,38539
 Arizona,Greenlee County,9563
 Arizona,La Paz County,16552
 Arizona,Maricopa County,4425315
 Arizona,Mohave County,213261
 Arizona,Navajo County,106715
 Arizona,Pima County,1043441
 Arizona,Pinal County,426007
 Arizona,Santa Cruz County,47663
 Arizona,Yavapai County,236211
 Arizona,Yuma County,205009
 Arkansas,Arkansas County,17144
 Arkansas,Ashley County,19064
 Arkansas,Baxter County,41637
 Arkansas,Benton County,284334
 Arkansas,Boone County,37374
 Arkansas,Bradley County,10542
 Arkansas,Calhoun County,4740
 Arkansas,Carroll County,28257
 Arkansas,Chicot County,10212
 Arkansas,Clark County,21462
 Arkansas,Clay County,14551
 Arkansas,Cleburne County,24720
 Arkansas,Cleveland County,7551
 Arkansas,Columbia County,22796
 Arkansas,Conway County,20713
 Arkansas,Craighead County,111242
 Arkansas,Crawford County,60135
 Arkansas,Crittenden County,48167
 Arkansas,Cross County,16834
 Arkansas,Dallas County,6478
 Arkansas,Desha County,11395
 Arkansas,Drew County,17346
 Arkansas,Faulkner County,123487
 Arkansas,Franklin County,17104
 Arkansas,Fulton County,12071
 Arkansas,Garland County,100173
 Arkansas,Grant County,17959
 Arkansas,Greene County,45732
 Arkansas,Hempstead County,20065
 Arkansas,Hot Spring County,33043
 Arkansas,Howard County,12786
 Arkansas,Independence County,37933
 Arkansas,Izard County,13580
 Arkansas,Jackson County,16761
 Arkansas,Jefferson County,67258
 Arkansas,Johnson County,25750
 Arkansas,Lafayette County,6306
 Arkansas,Lawrence County,16219
 Arkansas,Lee County,8597
 Arkansas,Lincoln County,12937
 Arkansas,Little River County,12022
 Arkansas,Logan County,21135
 Arkansas,Lonoke County,74025
 Arkansas,Madison County,16533
 Arkansas,Marion County,16822
 Arkansas,Miller County,42596
 Arkansas,Mississippi County,40687
 Arkansas,Monroe County,6797
 Arkansas,Montgomery County,8480
 Arkansas,Nevada County,8315
 Arkansas,Newton County,7226
 Arkansas,Ouachita County,22648
 Arkansas,Perry County,10023
 Arkansas,Phillips County,16570
 Arkansas,Pike County,10162
 Arkansas,Poinsett County,22965
 Arkansas,Polk County,19221
 Arkansas,Pope County,63381
 Arkansas,Prairie County,8283
 Arkansas,Pulaski County,399125
 Arkansas,Randolph County,18573
 Arkansas,St Francis County,23090
 Arkansas,Saline County,123422
 Arkansas,Scott County,9834
 Arkansas,Searcy County,7832
 Arkansas,Sebastian County,127797
 Arkansas,Sevier County,15842
 Arkansas,Sharp County,17276
 Arkansas,Stone County,12352
 Arkansas,Union County,39057
 Arkansas,Van Buren County,15792
 Arkansas,Washington County,245862
 Arkansas,White County,76825
 Arkansas,Woodruff County,6268
 Arkansas,Yell County,20260
 California,Alameda County,1682296
 California,Alpine County,1176
 California,Amador County,40497
 California,Butte County,211632
 California,Calaveras County,45284
 California,Colusa County,21837
 California,Contra Costa County,1165983
 California,Del Norte County,27742
 California,El Dorado County,191185
 California,Fresno County,1008649
 California,Glenn County,28919
 California,Humboldt County,136467
 California,Imperial County,179710
 California,Inyo County,19024
 California,Kern County,909233
 California,Kings County,152484
 California,Lake County,68164
 California,Lassen County,32733
 California,Los Angeles County,10017401
 California,Madera County,156254
 California,Marin County,262325
 California,Mariposa County,17128
 California,Mendocino County,91587
 California,Merced County,282447
 California,Modoc County,8699
 California,Mono County,13196
 California,Monterey County,441012
 California,Napa County,138014
 California,Nevada County,102236
 California,Orange County,3187256
 California,Placer County,404752
 California,Plumas County,19800
 California,Riverside County,2419967
 California,Sacramento County,1585030
 California,San Benito County,64209
 California,San Bernardino County,2181664
 California,San Diego County,3298647
 California,San Francisco County,878392
 California,San Joaquin County,779232
 California,San Luis Obispo County,282448
 California,San Mateo County,764659
 California,Santa Barbara County,448217
 California,Santa Clara County,1936278
 California,Santa Cruz County,272140
 California,Shasta County,182452
 California,Sierra County,3235
 California,Siskiyou County,44079
 California,Solano County,453551
 California,Sonoma County,488862
 California,Stanislaus County,553285
 California,Sutter County,99635
 California,Tehama County,65905
 California,Trinity County,16116
 California,Tulare County,473121
 California,Tuolumne County,55623
 California,Ventura County,844363
 California,Yolo County,217867
 California,Yuba County,81575
 Colorado,Adams County,519575
 Colorado,Alamosa County,16377
 Colorado,Arapahoe County,655077
 Colorado,Archuleta County,13355
 Colorado,Baca County,3510
 Colorado,Bent County,5651
 Colorado,Boulder County,330770
 Colorado,Broomfield County,74106
 Colorado,Chaffee County,19476
 Colorado,Cheyenne County,1749
 Colorado,Clear Creek County,9360
 Colorado,Conejos County,7459
 Colorado,Costilla County,3496
 Colorado,Crowley County,5917
 Colorado,Custer County,4708
 Colorado,Delta County,31197
 Colorado,Denver County,715513
 Colorado,Dolores County,2325
 Colorado,Douglas County,357990
 Colorado,Eagle County,55722
 Colorado,Elbert County,26046
 Colorado,El Paso County,731781
 Colorado,Fremont County,48937
 Colorado,Garfield County,61689
 Colorado,Gilpin County,5802
 Colorado,Grand County,15714
 Colorado,Gunnison County,16919
 Colorado,Hinsdale County,783
 Colorado,Huerfano County,6812
 Colorado,Jackson County,1380
 Colorado,Jefferson County,582944
 Colorado,Kiowa County,1445
 Colorado,Kit Carson County,7081
 Colorado,Lake County,7436
 Colorado,La Plata County,55638
 Colorado,Larimer County,359065
 Colorado,Las Animas County,14563
 Colorado,Lincoln County,5673
 Colorado,Logan County,21529
 Colorado,Mesa County,155705
 Colorado,Mineral County,865
 Colorado,Moffat County,13293
 Colorado,Montezuma County,25848
 Colorado,Montrose County,42678
 Colorado,Morgan County,29112
 Colorado,Otero County,18686
 Colorado,Ouray County,4880
 Colorado,Park County,17393
 Colorado,Phillips County,4536
 Colorado,Pitkin County,17366
 Colorado,Prowers County,12003
 Colorado,Pueblo County,168162
 Colorado,Rio Blanco County,6526
 Colorado,Rio Grande County,11543
 Colorado,Routt County,24831
 Colorado,Saguache County,6373
 Colorado,San Juan County,701
 Colorado,San Miguel County,8070
 Colorado,Sedgwick County,2401
 Colorado,Summit County,31292
 Colorado,Teller County,24706
 Colorado,Washington County,4818
 Colorado,Weld County,328986
 Colorado,Yuma County,9980
 Connecticut,Capitol Planning Region,977685
 Connecticut,Greater Bridgeport Planning Region,325778
 Connecticut,Lower Connecticut River Valley Planning Region,174224
 Connecticut,Naugatuck Valley Planning Region,450166
 Connecticut,Northeastern Connecticut Planning Region,95344
 Connecticut,Northwest Hills Planning Region,112456
 Connecticut,South Central Connecticut Planning Region,570732
 Connecticut,Southeastern Connecticut Planning Region,280432
 Connecticut,Western Connecticut Planning Region,620884
 Delaware,Kent County,181844
 Delaware,New Castle County,570721
 Delaware,Sussex County,237390
 District of Columbia,District of Columbia,689545
 Florida,Alachua County,278474
 Florida,Baker County,28264
 Florida,Bay County,175210
 Florida,Bradford County,28305
 Florida,Brevard County,606607
 Florida,Broward County,1944404
 Florida,Calhoun County,13642
 Florida,Charlotte County,186824
 Florida,Citrus County,153845
 Florida,Clay County,218245
 Florida,Collier County,375761
 Florida,Columbia County,69698
 Florida,DeSoto County,33975
 Florida,Dixie County,16756
 Florida,Duval County,995561
 Florida,Escambia County,321904
 Florida,Flagler County,115375
 Florida,Franklin County,12454
 Florida,Gadsden County,43819
 Florida,Gilchrist County,17860
 Florida,Glades County,12126
 Florida,Gulf County,14195
 Florida,Hamilton County,14004
 Florida,Hardee County,25332
 Florida,Hendry County,39619
 Florida,Hernando County,194510
 Florida,Highlands County,101232
 Florida,Hillsborough County,1459774
 Florida,Holmes County,19655
 Florida,Indian River County,159789
 Florida,Jackson County,47316
 Florida,Jefferson County,14512
 Florida,Lafayette County,8228
 Florida,Lake County,383964
 Florida,Lee County,760822
 Florida,Leon County,292207
 Florida,Levy County,42913
 Florida,Liberty County,7979
 Florida,Madison County,17971
 Florida,Manatee County,399716
 Florida,Marion County,375902
 Florida,Martin County,158430
 Florida,Miami-Dade County,2701751
 Florida,Monroe County,82870
 Florida,Nassau County,90356
 Florida,Okaloosa County,211662
 Florida,Okeechobee County,39640
 Florida,Orange County,1429910
 Florida,Osceola County,388661
 Florida,Palm Beach County,1492202
 Florida,Pasco County,561890
 Florida,Pinellas County,959111
 Florida,Polk County,725036
 Florida,Putnam County,73325
 Florida,St Johns County,273423
 Florida,St Lucie County,329224
 Florida,Santa Rosa County,187998
 Florida,Sarasota County,434008
 Florida,Seminole County,470852
 Florida,Sumter County,129753
 Florida,Suwannee County,43473
 Florida,Taylor County,21797
 Florida,Union County,16141
 Florida,Volusia County,553544
 Florida,Wakulla County,33766
 Florida,Walton County,75309
 Florida,Washington County,25311
 Georgia,Appling County,18443
 Georgia,Atkinson County,8289
 Georgia,Bacon County,11143
 Georgia,Baker County,2873
 Georgia,Baldwin County,43791
 Georgia,Banks County,18092
 Georgia,Barrow County,83527
 Georgia,Bartow County,108900
 Georgia,Ben Hill County,17191
 Georgia,Berrien County,18159
 Georgia,Bibb County,157345
 Georgia,Bleckley County,12585
 Georgia,Brantley County,18021
 Georgia,Brooks County,16300
 Georgia,Bryan County,44739
 Georgia,Bulloch County,79643
 Georgia,Burke County,24598
 Georgia,Butts County,25438
 Georgia,Calhoun County,5575
 Georgia,Camden County,54770
 Georgia,Candler County,10991
 Georgia,Carroll County,119132
 Georgia,Catoosa County,67873
 Georgia,Charlton County,12516
 Georgia,Chatham County,295264
 Georgia,Chattahoochee County,9569
 Georgia,Chattooga County,24971
 Georgia,Cherokee County,266600
 Georgia,Clarke County,128662
 Georgia,Clay County,2846
 Georgia,Clayton County,299394
 Georgia,Clinch County,6745
 Georgia,Cobb County,766086
 Georgia,Coffee County,43088
 Georgia,Colquitt County,45899
 Georgia,Columbia County,156011
 Georgia,Cook County,17231
 Georgia,Coweta County,146169
 Georgia,Crawford County,12126
 Georgia,Crisp County,20130
 Georgia,Dade County,16246
 Georgia,Dawson County,26797
 Georgia,Decatur County,29367
 Georgia,DeKalb County,764532
 Georgia,Dodge County,20002
 Georgia,Dooly County,11214
 Georgia,Dougherty County,85796
 Georgia,Douglas County,144336
 Georgia,Early County,10851
 Georgia,Echols County,3704
 Georgia,Effingham County,64792
 Georgia,Elbert County,19634
 Georgia,Emanuel County,22772
 Georgia,Evans County,10776
 Georgia,Fannin County,25320
 Georgia,Fayette County,119196
 Georgia,Floyd County,98580
 Georgia,Forsyth County,251285
 Georgia,Franklin County,23429
 Georgia,Fulton County,1066546
 Georgia,Gilmer County,31342
 Georgia,Glascock County,2880
 Georgia,Glynn County,84505
 Georgia,Gordon County,57548
 Georgia,Grady County,26238
 Georgia,Greene County,18915
 Georgia,Gwinnett County,957290
 Georgia,Habersham County,46029
 Georgia,Hall County,202823
 Georgia,Hancock County,8733
 Georgia,Haralson County,29918
 Georgia,Harris County,34667
 Georgia,Hart County,25831
 Georgia,Heard County,11410
 Georgia,Henry County,240705
 Georgia,Houston County,163640
 Georgia,Irwin County,9666
 Georgia,Jackson County,75918
 Georgia,Jasper County,14598
 Georgia,Jeff Davis County,14779
 Georgia,Jefferson County,15709
 Georgia,Jenkins County,8675
 Georgia,Johnson County,9188
 Georgia,Jones County,28349
 Georgia,Lamar County,18502
 Georgia,Lanier County,9882
 Georgia,Laurens County,49573
 Georgia,Lee County,33159
 Georgia,Liberty County,65284
 Georgia,Lincoln County,7688
 Georgia,Long County,16151
 Georgia,Lowndes County,118253
 Georgia,Lumpkin County,33487
 Georgia,McDuffie County,21632
 Georgia,McIntosh County,10972
 Georgia,Macon County,12078
 Georgia,Madison County,30127
 Georgia,Marion County,7503
 Georgia,Meriwether County,20622
 Georgia,Miller County,6000
 Georgia,Mitchell County,21766
 Georgia,Monroe County,27957
 Georgia,Montgomery County,8602
 Georgia,Morgan County,20100
 Georgia,Murray County,39975
 Georgia,Muscogee County,206918
 Georgia,Newton County,112529
 Georgia,Oconee County,41804
 Georgia,Oglethorpe County,14823
 Georgia,Paulding County,168651
 Georgia,Peach County,27988
 Georgia,Pickens County,33222
 Georgia,Pierce County,19713
 Georgia,Pike County,18885
 Georgia,Polk County,42848
 Georgia,Pulaski County,9857
 Georgia,Putnam County,22044
 Georgia,Quitman County,2234
 Georgia,Rabun County,16879
 Georgia,Randolph County,6417
 Georgia,Richmond County,206601
 Georgia,Rockdale County,93513
 Georgia,Schley County,4550
 Georgia,Screven County,14065
 Georgia,Seminole County,9152
 Georgia,Spalding County,67301
 Georgia,Stephens County,26776
 Georgia,Stewart County,5311
 Georgia,Sumter County,29614
 Georgia,Talbot County,5733
 Georgia,Taliaferro County,1558
 Georgia,Tattnall County,24287
 Georgia,Taylor County,7815
 Georgia,Telfair County,12472
 Georgia,Terrell County,9184
 Georgia,Thomas County,45800
 Georgia,Tift County,41359
 Georgia,Toombs County,27030
 Georgia,Towns County,12490
 Georgia,Treutlen County,6397
 Georgia,Troup County,69432
 Georgia,Turner County,9002
 Georgia,Twiggs County,8022
 Georgia,Union County,24625
 Georgia,Upson County,27696
 Georgia,Walker County,67658
 Georgia,Walton County,96636
 Georgia,Ware County,36247
 Georgia,Warren County,5215
 Georgia,Washington County,19998
 Georgia,Wayne County,30141
 Georgia,Webster County,2349
 Georgia,Wheeler County,7482
 Georgia,White County,28004
 Georgia,Whitfield County,102873
 Georgia,Wilcox County,8769
 Georgia,Wilkes County,9561
 Georgia,Wilkinson County,8881
 Georgia,Worth County,20775
 Hawaii,Hawaii County,200629
 Hawaii,Honolulu County,1016494
 Hawaii,Kalawao County,80
 Hawaii,Kauai County,73292
 Hawaii,Maui County,164757
 Idaho,Ada County,494969
 Idaho,Adams County,4379
 Idaho,Bannock County,87023
 Idaho,Bear Lake County,6370
 Idaho,Benewah County,9532
 Idaho,Bingham County,47983
 Idaho,Blaine County,24274
 Idaho,Boise County,7613
 Idaho,Bonner County,47109
 Idaho,Bonneville County,123957
 Idaho,Boundary County,12060
 Idaho,Butte County,2575
 Idaho,Camas County,1074
 Idaho,Canyon County,231116
 Idaho,Caribou County,7030
 Idaho,Cassia County,24685
 Idaho,Clark County,790
 Idaho,Clearwater County,8730
 Idaho,Custer County,4276
 Idaho,Elmore County,28674
 Idaho,Franklin County,14194
 Idaho,Fremont County,13385
 Idaho,Gem County,19127
 Idaho,Gooding County,15608
 Idaho,Idaho County,16544
 Idaho,Jefferson County,30891
 Idaho,Jerome County,24238
 Idaho,Kootenai County,171362
 Idaho,Latah County,39521
 Idaho,Lemhi County,7975
 Idaho,Lewis County,3523
 Idaho,Lincoln County,5129
 Idaho,Madison County,52911
 Idaho,Minidoka County,21584
 Idaho,Nez Perce County,42091
 Idaho,Oneida County,4564
 Idaho,Owyhee County,11918
 Idaho,Payette County,25385
 Idaho,Power County,7879
 Idaho,Shoshone County,13173
 Idaho,Teton County,11630
 Idaho,Twin Falls County,90048
 Idaho,Valley County,11742
 Idaho,Washington County,10499
 Illinois,Adams County,65736
 Illinois,Alexander County,5241
 Illinois,Bond County,16895
 Illinois,Boone County,53446
 Illinois,Brown County,6250
 Illinois,Bureau County,33274
 Illinois,Calhoun County,4434
 Illinois,Carroll County,15714
 Illinois,Cass County,13034
 Illinois,Champaign County,206455
 Illinois,Christian County,34059
 Illinois,Clark County,15481
 Illinois,Clay County,13289
 Illinois,Clinton County,36903
 Illinois,Coles County,47192
 Illinois,Cook County,5278969
 Illinois,Crawford County,18659
 Illinois,Cumberland County,10457
 Illinois,DeKalb County,100514
 Illinois,De Witt County,15521
 Illinois,Douglas County,19751
 Illinois,DuPage County,933031
 Illinois,Edgar County,16876
 Illinois,Edwards County,6244
 Illinois,Effingham County,34679
 Illinois,Fayette County,21490
 Illinois,Ford County,13522
 Illinois,Franklin County,37820
 Illinois,Fulton County,33673
 Illinois,Gallatin County,4954
 Illinois,Greene County,11986
 Illinois,Grundy County,52554
 Illinois,Hamilton County,7989
 Illinois,Hancock County,17628
 Illinois,Hardin County,3651
 Illinois,Henderson County,6385
 Illinois,Henry County,49289
 Illinois,Iroquois County,27063
 Illinois,Jackson County,53338
 Illinois,Jasper County,9300
 Illinois,Jefferson County,37113
 Illinois,Jersey County,21513
 Illinois,Jo Daviess County,22082
 Illinois,Johnson County,13307
 Illinois,Kane County,516722
 Illinois,Kankakee County,107647
 Illinois,Kendall County,131863
 Illinois,Knox County,49970
 Illinois,Lake County,714412
 Illinois,LaSalle County,109646
 Illinois,Lawrence County,15307
 Illinois,Lee County,34151
 Illinois,Livingston County,35848
 Illinois,Logan County,27987
 Illinois,McDonough County,27250
 Illinois,McHenry County,310289
 Illinois,McLean County,171241
 Illinois,Macon County,103996
 Illinois,Macoupin County,45039
 Illinois,Madison County,265972
 Illinois,Marion County,37738
 Illinois,Marshall County,11745
 Illinois,Mason County,13086
 Illinois,Massac County,14172
 Illinois,Menard County,12296
 Illinois,Mercer County,15696
 Illinois,Monroe County,34954
 Illinois,Montgomery County,28321
 Illinois,Morgan County,33567
 Illinois,Moultrie County,14537
 Illinois,Ogle County,51847
 Illinois,Peoria County,182021
 Illinois,Perry County,20945
 Illinois,Piatt County,16678
 Illinois,Pike County,14731
 Illinois,Pope County,3768
 Illinois,Pulaski County,5208
 Illinois,Putnam County,5637
 Illinois,Randolph County,30159
 Illinois,Richland County,15825
 Illinois,Rock Island County,144665
 Illinois,St Clair County,257631
 Illinois,Saline County,23821
 Illinois,Sangamon County,196412
 Illinois,Schuyler County,6901
 Illinois,Scott County,5080
 Illinois,Shelby County,20978
 Illinois,Stark County,5401
 Illinois,Stephenson County,44700
 Illinois,Tazewell County,131552
 Illinois,Union County,17353
 Illinois,Vermilion County,74203
 Illinois,Wabash County,11359
 Illinois,Warren County,16842
 Illinois,Washington County,13767
 Illinois,Wayne County,16206
 Illinois,White County,13876
 Illinois,Whiteside County,55700
 Illinois,Will County,697353
 Illinois,Williamson County,67154
 Illinois,Winnebago County,285371
 Illinois,Woodford County,38457
 Indiana,Adams County,35819
 Indiana,Allen County,385402
 Indiana,Bartholomew County,82204
 Indiana,Benton County,8708
 Indiana,Blackford County,12112
 Indiana,Boone County,70800
 Indiana,Brown County,15468
 Indiana,Carroll County,20299
 Indiana,Cass County,37867
 Indiana,Clark County,121106
 Indiana,Clay County,26461
 Indiana,Clinton County,33183
 Indiana,Crawford County,10525
 Indiana,Daviess County,33389
 Indiana,Dearborn County,50678
 Indiana,Decatur County,26475
 Indiana,DeKalb County,43272
 Indiana,Delaware County,111907
 Indiana,Dubois County,43630
 Indiana,Elkhart County,207058
 Indiana,Fayette County,23395
 Indiana,Floyd County,80473
 Indiana,Fountain County,16480
 Indiana,Franklin County,22790
 Indiana,Fulton County,20477
 Indiana,Gibson County,33016
 Indiana,Grant County,66678
 Indiana,Greene County,30807
 Indiana,Hamilton County,347491
 Indiana,Hancock County,79836
 Indiana,Harrison County,39651
 Indiana,Hendricks County,174791
 Indiana,Henry County,48915
 Indiana,Howard County,83660
 Indiana,Huntington County,36666
 Indiana,Jackson County,46434
 Indiana,Jasper County,32910
 Indiana,Jay County,20477
 Indiana,Jefferson County,33145
 Indiana,Jennings County,27607
 Indiana,Johnson County,161780
 Indiana,Knox County,36287
 Indiana,Kosciusko County,80250
 Indiana,LaGrange County,40443
 Indiana,Lake County,498695
 Indiana,LaPorte County,112420
 Indiana,Lawrence County,45005
 Indiana,Madison County,130111
 Indiana,Marion County,977206
 Indiana,Marshall County,46083
 Indiana,Martin County,9812
 Indiana,Miami County,35961
 Indiana,Monroe County,140773
 Indiana,Montgomery County,37936
 Indiana,Morgan County,71781
 Indiana,Newton County,13827
 Indiana,Noble County,47467
 Indiana,Ohio County,5932
 Indiana,Orange County,19873
 Indiana,Owen County,21332
 Indiana,Parke County,16163
 Indiana,Perry County,19172
 Indiana,Pike County,12256
 Indiana,Porter County,173224
 Indiana,Posey County,25217
 Indiana,Pulaski County,12517
 Indiana,Putnam County,36726
 Indiana,Randolph County,24507
 Indiana,Ripley County,28989
 Indiana,Rush County,16752
 Indiana,St Joseph County,272908
 Indiana,Scott County,24385
 Indiana,Shelby County,45053
 Indiana,Spencer County,19811
 Indiana,Starke County,23384
 Indiana,Steuben County,34444
 Indiana,Sullivan County,20817
 Indiana,Switzerland County,9754
 Indiana,Tippecanoe County,186246
 Indiana,Tipton County,15352
 Indiana,Union County,7084
 Indiana,Vanderburgh County,180133
 Indiana,Vermillion County,15434
 Indiana,Vigo County,106162
 Indiana,Wabash County,30972
 Indiana,Warren County,8436
 Indiana,Warrick County,63889
 Indiana,Washington County,28161
 Indiana,Wayne County,66544
 Indiana,Wells County,28173
 Indiana,White County,24698
 Indiana,Whitley County,34188
 Iowa,Adair County,7493
 Iowa,Adams County,3708
 Iowa,Allamakee County,14061
 Iowa,Appanoose County,12311
 Iowa,Audubon County,5673
 Iowa,Benton County,25584
 Iowa,Black Hawk County,131142
 Iowa,Boone County,26712
 Iowa,Bremer County,24985
 Iowa,Buchanan County,20563
 Iowa,Buena Vista County,20826
 Iowa,Butler County,14336
 Iowa,Calhoun County,9926
 Iowa,Carroll County,20766
 Iowa,Cass County,13126
 Iowa,Cedar County,18487
 Iowa,Cerro Gordo County,43127
 Iowa,Cherokee County,11658
 Iowa,Chickasaw County,12008
 Iowa,Clarke County,9747
 Iowa,Clay County,16380
 Iowa,Clayton County,17048
 Iowa,Clinton County,46460
 Iowa,Crawford County,16526
 Iowa,Dallas County,99735
 Iowa,Davis County,9112
 Iowa,Decatur County,7767
 Iowa,Delaware County,17479
 Iowa,Des Moines County,38940
 Iowa,Dickinson County,17708
 Iowa,Dubuque County,99275
 Iowa,Emmet County,9388
 Iowa,Fayette County,19513
 Iowa,Floyd County,15627
 Iowa,Franklin County,10012
 Iowa,Fremont County,6601
 Iowa,Greene County,8762
 Iowa,Grundy County,12339
 Iowa,Guthrie County,10627
 Iowa,Hamilton County,15039
 Iowa,Hancock County,10793
 Iowa,Hardin County,16875
 Iowa,Harrison County,14579
 Iowa,Henry County,20482
 Iowa,Howard County,9473
 Iowa,Humboldt County,9597
 Iowa,Ida County,7010
 Iowa,Iowa County,16660
 Iowa,Jackson County,19482
 Iowa,Jasper County,37811
 Iowa,Jefferson County,15667
 Iowa,Johnson County,152854
 Iowa,Jones County,20643
 Iowa,Keokuk County,10033
 Iowa,Kossuth County,14817
 Iowa,Lee County,33553
 Iowa,Linn County,230303
 Iowa,Louisa County,10839
 Iowa,Lucas County,8635
 Iowa,Lyon County,11929
 Iowa,Madison County,16545
 Iowa,Mahaska County,22191
 Iowa,Marion County,33417
 Iowa,Marshall County,40100
 Iowa,Mills County,14503
 Iowa,Mitchell County,10560
 Iowa,Monona County,8752
 Iowa,Monroe County,7573
 Iowa,Montgomery County,10326
 Iowa,Muscatine County,43249
 Iowa,O'Brien County,14180
 Iowa,Osceola County,6193
 Iowa,Page County,15214
 Iowa,Palo Alto County,9001
 Iowa,Plymouth County,25698
 Iowa,Pocahontas County,7078
 Iowa,Polk County,492402
 Iowa,Pottawattamie County,93647
 Iowa,Poweshiek County,18656
 Iowa,Ringgold County,4663
 Iowa,Sac County,9823
 Iowa,Scott County,174681
 Iowa,Shelby County,11749
 Iowa,Sioux County,35876
 Iowa,Story County,98534
 Iowa,Tama County,17096
 Iowa,Taylor County,5892
 Iowa,Union County,12138
 Iowa,Van Buren County,7202
 Iowa,Wapello County,35435
 Iowa,Warren County,52397
 Iowa,Washington County,22565
 Iowa,Wayne County,6492
 Iowa,Webster County,36998
 Iowa,Winnebago County,10676
 Iowa,Winneshiek County,20069
 Iowa,Woodbury County,105976
 Iowa,Worth County,7439
 Iowa,Wright County,12948
 Kansas,Allen County,12526
 Kansas,Anderson County,7836
 Kansas,Atchison County,16344
 Kansas,Barber County,4233
 Kansas,Barton County,25499
 Kansas,Bourbon County,14358
 Kansas,Brown County,9507
 Kansas,Butler County,67372
 Kansas,Chase County,2577
 Kansas,Chautauqua County,3378
 Kansas,Cherokee County,19358
 Kansas,Cheyenne County,2614
 Kansas,Clark County,1990
 Kansas,Clay County,8116
 Kansas,Cloud County,9043
 Kansas,Coffey County,8361
 Kansas,Comanche County,1689
 Kansas,Cowley County,34554
 Kansas,Crawford County,38971
 Kansas,Decatur County,2752
 Kansas,Dickinson County,18393
 Kansas,Doniphan County,7503
 Kansas,Douglas County,118777
 Kansas,Edwards County,2902
 Kansas,Elk County,2476
 Kansas,Ellis County,28935
 Kansas,Ellsworth County,6383
 Kansas,Finney County,38469
 Kansas,Ford County,34291
 Kansas,Franklin County,25996
 Kansas,Geary County,36738
 Kansas,Gove County,2724
 Kansas,Graham County,2415
 Kansas,Grant County,7352
 Kansas,Gray County,5648
 Kansas,Greeley County,1283
 Kansas,Greenwood County,6015
 Kansas,Hamilton County,2517
 Kansas,Harper County,5485
 Kansas,Harvey County,34027
 Kansas,Haskell County,3781
 Kansas,Hodgeman County,1721
 Kansas,Jackson County,13230
 Kansas,Jefferson County,18362
 Kansas,Jewell County,2931
 Kansas,Johnson County,609860
 Kansas,Kearny County,3980
 Kansas,Kingman County,7468
 Kansas,Kiowa County,2459
 Kansas,Labette County,20179
 Kansas,Lane County,1575
 Kansas,Leavenworth County,81896
 Kansas,Lincoln County,2937
 Kansas,Linn County,9595
 Kansas,Logan County,2761
 Kansas,Lyon County,32177
 Kansas,McPherson County,30220
 Kansas,Marion County,11826
 Kansas,Marshall County,10032
 Kansas,Meade County,4063
 Kansas,Miami County,34185
 Kansas,Mitchell County,5797
 Kansas,Montgomery County,31486
 Kansas,Morris County,5391
 Kansas,Morton County,2703
 Kansas,Nemaha County,10273
 Kansas,Neosho County,15900
 Kansas,Ness County,2687
 Kansas,Norton County,5456
 Kansas,Osage County,15761
 Kansas,Osborne County,3495
 Kansas,Ottawa County,5731
 Kansas,Pawnee County,6245
 Kansas,Phillips County,4971
 Kansas,Pottawatomie County,25350
 Kansas,Pratt County,9149
 Kansas,Rawlins County,2568
 Kansas,Reno County,61897
 Kansas,Republic County,4677
 Kansas,Rice County,9422
 Kansas,Riley County,71959
 Kansas,Rooks County,4911
 Kansas,Rush County,2957
 Kansas,Russell County,6686
 Kansas,Saline County,54289
 Kansas,Scott County,5145
 Kansas,Sedgwick County,523831
 Kansas,Seward County,21961
 Kansas,Shawnee County,178905
 Kansas,Sheridan County,2440
 Kansas,Sherman County,5931
 Kansas,Smith County,3567
 Kansas,Stafford County,4067
 Kansas,Stanton County,2086
 Kansas,Stevens County,5252
 Kansas,Sumner County,22369
 Kansas,Thomas County,7931
 Kansas,Trego County,2806
 Kansas,Wabaunsee County,6875
 Kansas,Wallace County,1512
 Kansas,Washington County,5525
 Kansas,Wichita County,2152
 Kansas,Wilson County,8632
 Kansas,Woodson County,3123
 Kansas,Wyandotte County,169229
 Kentucky,Adair County,18901
 Kentucky,Allen County,20577
 Kentucky,Anderson County,23869
 Kentucky,Ballard County,7731
 Kentucky,Barren County,44485
 Kentucky,Bath County,12747
 Kentucky,Bell County,24098
 Kentucky,Boone County,135994
 Kentucky,Bourbon County,20243
 Kentucky,Boyd County,48255
 Kentucky,Boyle County,30622
 Kentucky,Bracken County,8406
 Kentucky,Breathitt County,13722
 Kentucky,Breckinridge County,20432
 Kentucky,Bullitt County,82224
 Kentucky,Butler County,12369
 Kentucky,Caldwell County,12647
 Kentucky,Calloway County,37548
 Kentucky,Campbell County,93076
 Kentucky,Carlisle County,4817
 Kentucky,Carroll County,10807
 Kentucky,Carter County,26630
 Kentucky,Casey County,15942
 Kentucky,Christian County,72798
 Kentucky,Clark County,36996
 Kentucky,Clay County,20336
 Kentucky,Clinton County,9249
 Kentucky,Crittenden County,8988
 Kentucky,Cumberland County,5886
 Kentucky,Daviess County,103315
 Kentucky,Edmonson County,12131
 Kentucky,Elliott County,7353
 Kentucky,Estill County,14162
 Kentucky,Fayette County,322566
 Kentucky,Fleming County,15082
 Kentucky,Floyd County,35942
 Kentucky,Franklin County,51546
 Kentucky,Fulton County,6513
 Kentucky,Gallatin County,8695
 Kentucky,Garrard County,16946
 Kentucky,Grant County,24944
 Kentucky,Graves County,36655
 Kentucky,Grayson County,26417
 Kentucky,Green County,11109
 Kentucky,Greenup County,35969
 Kentucky,Hancock County,9096
 Kentucky,Hardin County,110703
 Kentucky,Harlan County,26834
 Kentucky,Harrison County,18693
 Kentucky,Hart County,19286
 Kentucky,Henderson County,44792
 Kentucky,Henry County,15676
 Kentucky,Hickman County,4522
 Kentucky,Hopkins County,45415
 Kentucky,Jackson County,12961
 Kentucky,Jefferson County,782987
 Kentucky,Jessamine County,52983
 Kentucky,Johnson County,22678
 Kentucky,Kenton County,169039
 Kentucky,Knott County,14250
 Kentucky,Knox County,30196
 Kentucky,Larue County,14865
 Kentucky,Laurel County,62614
 Kentucky,Lawrence County,16290
 Kentucky,Lee County,7386
 Kentucky,Leslie County,10515
 Kentucky,Letcher County,21550
 Kentucky,Lewis County,13084
 Kentucky,Lincoln County,24274
 Kentucky,Livingston County,8889
 Kentucky,Logan County,27430
 Kentucky,Lyon County,8684
 Kentucky,McCracken County,67877
 Kentucky,McCreary County,16887
 Kentucky,McLean County,9150
 Kentucky,Madison County,92701
 Kentucky,Magoffin County,11639
 Kentucky,Marion County,19581
 Kentucky,Marshall County,31659
 Kentucky,Martin County,11287
 Kentucky,Mason County,17125
 Kentucky,Meade County,30007
 Kentucky,Menifee County,6112
 Kentucky,Mercer County,22640
 Kentucky,Metcalfe County,10286
 Kentucky,Monroe County,11336
 Kentucky,Montgomery County,28100
 Kentucky,Morgan County,13725
 Kentucky,Muhlenberg County,30932
 Kentucky,Nelson County,46725
 Kentucky,Nicholas County,7530
 Kentucky,Ohio County,23767
 Kentucky,Oldham County,67608
 Kentucky,Owen County,11268
 Kentucky,Owsley County,4053
 Kentucky,Pendleton County,14646
 Kentucky,Perry County,28471
 Kentucky,Pike County,58668
 Kentucky,Powell County,13131
 Kentucky,Pulaski County,65032
 Kentucky,Robertson County,2195
 Kentucky,Rockcastle County,16039
 Kentucky,Rowan County,24654
 Kentucky,Russell County,17991
 Kentucky,Scott County,57163
 Kentucky,Shelby County,48108
 Kentucky,Simpson County,19596
 Kentucky,Spencer County,19424
 Kentucky,Taylor County,26012
 Kentucky,Todd County,12242
 Kentucky,Trigg County,14056
 Kentucky,Trimble County,8471
 Kentucky,Union County,13671
 Kentucky,Warren County,134561
 Kentucky,Washington County,12023
 Kentucky,Wayne County,19558
 Kentucky,Webster County,13017
 Kentucky,Whitley County,36709
 Kentucky,Wolfe County,6562
 Kentucky,Woodford County,26875
 Louisiana,Acadia Parish,57571
 Louisiana,Allen Parish,22752
 Louisiana,Ascension Parish,126499
 Louisiana,Assumption Parish,21044
 Louisiana,Avoyelles Parish,39684
 Louisiana,Beauregard Parish,36556
 Louisiana,Bienville Parish,12987
 Louisiana,Bossier Parish,128764
 Louisiana,Caddo Parish,237823
 Louisiana,Calcasieu Parish,216785
 Louisiana,Caldwell Parish,9647
 Louisiana,Cameron Parish,5620
 Louisiana,Catahoula Parish,8907
 Louisiana,Claiborne Parish,14172
 Louisiana,Concordia Parish,18681
 Louisiana,De Soto Parish,26816
 Louisiana,East Baton Rouge Parish,456794
 Louisiana,East Carroll Parish,7456
 Louisiana,East Feliciana Parish,19524
 Louisiana,Evangeline Parish,32343
 Louisiana,Franklin Parish,19773
 Louisiana,Grant Parish,22176
 Louisiana,Iberia Parish,70290
 Louisiana,Iberville Parish,30243
 Louisiana,Jackson Parish,15031
 Louisiana,Jefferson Parish,440784
 Louisiana,Jefferson Davis Parish,32249
 Louisiana,Lafayette Parish,241759
 Louisiana,Lafourche Parish,97552
 Louisiana,LaSalle Parish,14802
 Louisiana,Lincoln Parish,48396
 Louisiana,Livingston Parish,142288
 Louisiana,Madison Parish,10007
 Louisiana,Morehouse Parish,25630
 Louisiana,Natchitoches Parish,37519
 Louisiana,Orleans Parish,384130
 Louisiana,Ouachita Parish,160366
 Louisiana,Plaquemines Parish,23511
 Louisiana,Pointe Coupee Parish,20755
 Louisiana,Rapides Parish,130016
 Louisiana,Red River Parish,7622
 Louisiana,Richland Parish,20043
 Louisiana,Sabine Parish,22155
 Louisiana,St Bernard Parish,43765
 Louisiana,St Charles Parish,52548
 Louisiana,St Helena Parish,10923
 Louisiana,St James Parish,20195
 Louisiana,St John the Baptist Parish,42472
 Louisiana,St Landry Parish,82549
 Louisiana,St Martin Parish,51746
 Louisiana,St Mary Parish,49408
 Louisiana,St Tammany Parish,264573
 Louisiana,Tangipahoa Parish,133146
 Louisiana,Tensas Parish,4148
 Louisiana,Terrebonne Parish,109584
 Louisiana,Union Parish,21112
 Louisiana,Vermilion Parish,57001
 Louisiana,Vernon Parish,48746
 Louisiana,Washington Parish,45457
 Louisiana,Webster Parish,36968
 Louisiana,West Baton Rouge Parish,27201
 Louisiana,West Carroll Parish,9753
 Louisiana,West Feliciana Parish,15307
 Louisiana,Winn Parish,13750
 Maine,Androscoggin County,111133
 Maine,Aroostook County,67088
 Maine,Cumberland County,303080
 Maine,Franklin County,29451
 Maine,Hancock County,55481
 Maine,Kennebec County,124513
 Maine,Knox County,40611
 Maine,Lincoln County,35239
 Maine,Oxford County,57756
 Maine,Penobscot County,152199
 Maine,Piscataquis County,16794
 Maine,Sagadahoc County,36699
 Maine,Somerset County,50478
 Maine,Waldo County,39602
 Maine,Washington County,31107
 Maine,York County,211965
 Maryland,Allegany County,68106
 Maryland,Anne Arundel County,592643
 Maryland,Baltimore County,854524
 Maryland,Calvert County,92786
 Maryland,Caroline County,33298
 Maryland,Carroll County,172887
 Maryland,Cecil County,103726
 Maryland,Charles County,166598
 Maryland,Dorchester County,32523
 Maryland,Frederick County,271720
 Maryland,Garrett County,28805
 Maryland,Harford County,260932
 Maryland,Howard County,332313
 Maryland,Kent County,19197
 Maryland,Montgomery County,1062077
 Maryland,Prince George's County,967211
 Maryland,Queen Anne's County,49880
 Maryland,St Mary's County,113778
 Maryland,Somerset County,24619
 Maryland,Talbot County,37522
 Maryland,Washington County,154707
 Maryland,Wicomico County,103594
 Maryland,Worcester County,52463
 Maryland,Baltimore city,585720
 Massachusetts,Barnstable County,229067
 Massachusetts,Berkshire County,129028
 Massachusetts,Bristol County,579298
 Massachusetts,Dukes County,20590
 Massachusetts,Essex County,809940
 Massachusetts,Franklin County,71032
 Massachusetts,Hampden County,465833
 Massachusetts,Hampshire County,162308
 Massachusetts,Middlesex County,1631915
 Massachusetts,Nantucket County,14250
 Massachusetts,Norfolk County,726010
 Massachusetts,Plymouth County,530820
 Massachusetts,Suffolk County,800937
 Massachusetts,Worcester County,862104
 Michigan,Alcona County,10161
 Michigan,Alger County,8833
 Michigan,Allegan County,120503
 Michigan,Alpena County,28904
 Michigan,Antrim County,23427
 Michigan,Arenac County,15009
 Michigan,Baraga County,8150
 Michigan,Barry County,62429
 Michigan,Bay County,103856
 Michigan,Benzie County,17967
 Michigan,Berrien County,154539
 Michigan,Branch County,44864
 Michigan,Calhoun County,134310
 Michigan,Cass County,51592
 Michigan,Charlevoix County,26049
 Michigan,Cheboygan County,25583
 Michigan,Chippewa County,36786
 Michigan,Clare County,30861
 Michigan,Clinton County,79128
 Michigan,Crawford County,12986
 Michigan,Delta County,36904
 Michigan,Dickinson County,25955
 Michigan,Eaton County,109185
 Michigan,Emmet County,34110
 Michigan,Genesee County,406220
 Michigan,Gladwin County,25378
 Michigan,Gogebic County,14376
 Michigan,Grand Traverse County,95249
 Michigan,Gratiot County,41764
 Michigan,Hillsdale County,45751
 Michigan,Houghton County,37373
 Michigan,Huron County,31404
 Michigan,Ingham County,285230
 Michigan,Ionia County,66804
 Michigan,Iosco County,25230
 Michigan,Iron County,11618
 Michigan,Isabella County,64402
 Michigan,Jackson County,160357
 Michigan,Kalamazoo County,261685
 Michigan,Kalkaska County,17937
 Michigan,Kent County,657980
 Michigan,Keweenaw County,2046
 Michigan,Lake County,12101
 Michigan,Lapeer County,88622
 Michigan,Leelanau County,22298
 Michigan,Lenawee County,99413
 Michigan,Livingston County,193876
 Michigan,Luce County,6412
 Michigan,Mackinac County,10824
 Michigan,Macomb County,881233
 Michigan,Manistee County,25033
 Michigan,Marquette County,66546
 Michigan,Mason County,29055
 Michigan,Mecosta County,40344
 Michigan,Menominee County,23496
 Michigan,Midland County,83497
 Michigan,Missaukee County,15056
 Michigan,Monroe County,154810
 Michigan,Montcalm County,66625
 Michigan,Montmorency County,9156
 Michigan,Muskegon County,174737
 Michigan,Newaygo County,49965
 Michigan,Oakland County,1274371
 Michigan,Oceana County,26659
 Michigan,Ogemaw County,20770
 Michigan,Ontonagon County,5812
 Michigan,Osceola County,22886
 Michigan,Oscoda County,8220
 Michigan,Otsego County,25089
 Michigan,Ottawa County,296195
 Michigan,Presque Isle County,12982
 Michigan,Roscommon County,23446
 Michigan,Saginaw County,190122
 Michigan,St Clair County,160390
 Michigan,St Joseph County,60940
 Michigan,Sanilac County,40614
 Michigan,Schoolcraft County,8050
 Michigan,Shiawassee County,68085
 Michigan,Tuscola County,53317
 Michigan,Van Buren County,75575
 Michigan,Washtenaw County,372258
 Michigan,Wayne County,1793896
 Michigan,Wexford County,33667
 Minnesota,Aitkin County,15696
 Minnesota,Anoka County,363894
 Minnesota,Becker County,35182
 Minnesota,Beltrami County,46228
 Minnesota,Benton County,41377
 Minnesota,Big Stone County,5169
 Minnesota,Blue Earth County,69103
 Minnesota,Brown County,25915
 Minnesota,Carlton County,36190
 Minnesota,Carver County,106924
 Minnesota,Cass County,30084
 Minnesota,Chippewa County,12606
 Minnesota,Chisago County,56618
 Minnesota,Clay County,65329
 Minnesota,Clearwater County,8515
 Minnesota,Cook County,5602
 Minnesota,Cottonwood County,11516
 Minnesota,Crow Wing County,66123
 Minnesota,Dakota County,439880
 Minnesota,Dodge County,20864
 Minnesota,Douglas County,38998
 Minnesota,Faribault County,13917
 Minnesota,Fillmore County,21239
 Minnesota,Freeborn County,30885
 Minnesota,Goodhue County,47582
 Minnesota,Grant County,6070
 Minnesota,Hennepin County,1281561
 Minnesota,Houston County,18817
 Minnesota,Hubbard County,21343
 Minnesota,Isanti County,41132
 Minnesota,Itasca County,45022
 Minnesota,Jackson County,9988
 Minnesota,Kanabec County,16032
 Minnesota,Kandiyohi County,43724
 Minnesota,Kittson County,4209
 Minnesota,Koochiching County,12065
 Minnesota,Lac qui Parle County,6719
 Minnesota,Lake County,10903
 Minnesota,Lake of the Woods County,3769
 Minnesota,Le Sueur County,28677
 Minnesota,Lincoln County,5655
 Minnesota,Lyon County,25521
 Minnesota,McLeod County,36764
 Minnesota,Mahnomen County,5419
 Minnesota,Marshall County,9048
 Minnesota,Martin County,20031
 Minnesota,Meeker County,23399
 Minnesota,Mille Lacs County,26462
 Minnesota,Morrison County,34013
 Minnesota,Mower County,40035
 Minnesota,Murray County,8168
 Minnesota,Nicollet County,34453
 Minnesota,Nobles County,22290
 Minnesota,Norman County,6442
 Minnesota,Olmsted County,162849
 Minnesota,Otter Tail County,60061
 Minnesota,Pennington County,13994
 Minnesota,Pine County,28881
 Minnesota,Pipestone County,9415
 Minnesota,Polk County,31188
 Minnesota,Pope County,11311
 Minnesota,Ramsey County,552345
 Minnesota,Red Lake County,3938
 Minnesota,Redwood County,15430
 Minnesota,Renville County,14716
 Minnesota,Rice County,67092
 Minnesota,Rock County,9703
 Minnesota,Roseau County,15336
 Minnesota,St Louis County,200231
 Minnesota,Scott County,150919
 Minnesota,Sherburne County,97180
 Minnesota,Sibley County,14836
 Minnesota,Stearns County,158299
 Minnesota,Steele County,37402
 Minnesota,Stevens County,9672
 Minnesota,Swift County,9846
 Minnesota,Todd County,25262
 Minnesota,Traverse County,3363
 Minnesota,Wabasha County,21375
 Minnesota,Wadena County,14063
 Minnesota,Waseca County,18954
 Minnesota,Washington County,267557
 Minnesota,Watonwan County,11254
 Minnesota,Wilkin County,6508
 Minnesota,Winona County,49692
 Minnesota,Wright County,141335
 Minnesota,Yellow Medicine County,9518
 Mississippi,Adams County,29542
 Mississippi,Alcorn County,34743
 Mississippi,Amite County,12723
 Mississippi,Attala County,17882
 Mississippi,Benton County,7651
 Mississippi,Bolivar County,30986
 Mississippi,Calhoun County,13259
 Mississippi,Carroll County,10004
 Mississippi,Chickasaw County,17107
 Mississippi,Choctaw County,8245
 Mississippi,Claiborne County,9132
 Mississippi,Clarke County,15611
 Mississippi,Clay County,18632
 Mississippi,Coahoma County,21389
 Mississippi,Copiah County,28369
 Mississippi,Covington County,18339
 Mississippi,DeSoto County,185312
 Mississippi,Forrest County,78177
 Mississippi,Franklin County,7676
 Mississippi,George County,24349
 Mississippi,Greene County,13530
 Mississippi,Grenada County,21627
 Mississippi,Hancock County,46052
 Mississippi,Harrison County,208627
 Mississippi,Hinds County,227739
 Mississippi,Holmes County,16997
 Mississippi,Humphreys County,7789
 Mississippi,Issaquena County,1335
 Mississippi,Itawamba County,23861
 Mississippi,Jackson County,143246
 Mississippi,Jasper County,16368
 Mississippi,Jefferson County,7256
 Mississippi,Jefferson Davis County,11326
 Mississippi,Jones County,67251
 Mississippi,Kemper County,8987
 Mississippi,Lafayette County,55816
 Mississippi,Lamar County,64219
 Mississippi,Lauderdale County,72978
 Mississippi,Lawrence County,12015
 Mississippi,Leake County,21273
 Mississippi,Lee County,83346
 Mississippi,Leflore County,28493
 Mississippi,Lincoln County,34922
 Mississippi,Lowndes County,58884
 Mississippi,Madison County,109130
 Mississippi,Marion County,24439
 Mississippi,Marshall County,33753
 Mississippi,Monroe County,34172
 Mississippi,Montgomery County,9818
 Mississippi,Neshoba County,29097
 Mississippi,Newton County,21290
 Mississippi,Noxubee County,10276
 Mississippi,Oktibbeha County,51782
 Mississippi,Panola County,33203
 Mississippi,Pearl River County,56147
 Mississippi,Perry County,11512
 Mississippi,Pike County,40325
 Mississippi,Pontotoc County,31189
 Mississippi,Prentiss County,25007
 Mississippi,Quitman County,6171
 Mississippi,Rankin County,157031
 Mississippi,Scott County,27993
 Mississippi,Sharkey County,3803
 Mississippi,Simpson County,25944
 Mississippi,Smith County,14219
 Mississippi,Stone County,18331
 Mississippi,Sunflower County,25816
 Mississippi,Tallahatchie County,12711
 Mississippi,Tate County,28064
 Mississippi,Tippah County,21812
 Mississippi,Tishomingo County,18860
 Mississippi,Tunica County,9787
 Mississippi,Union County,27781
 Mississippi,Walthall County,13885
 Mississippi,Warren County,44719
 Mississippi,Washington County,44928
 Mississippi,Wayne County,19776
 Mississippi,Webster County,9924
 Mississippi,Wilkinson County,8585
 Mississippi,Winston County,17710
 Mississippi,Yalobusha County,12478
 Mississippi,Yazoo County,26745
 Missouri,Adair County,25316
 Missouri,Andrew County,18130
 Missouri,Atchison County,5302
 Missouri,Audrain County,24960
 Missouri,Barry County,34529
 Missouri,Barton County,11638
 Missouri,Bates County,16037
 Missouri,Benton County,19394
 Missouri,Bollinger County,10567
 Missouri,Boone County,183608
 Missouri,Buchanan County,84794
 Missouri,Butler County,42128
 Missouri,Caldwell County,8810
 Missouri,Callaway County,44290
 Missouri,Camden County,42745
 Missouri,Cape Girardeau County,81710
 Missouri,Carroll County,8493
 Missouri,Carter County,5203
 Missouri,Cass County,107820
 Missouri,Cedar County,14188
 Missouri,Chariton County,7414
 Missouri,Christian County,88846
 Missouri,Clark County,6635
 Missouri,Clay County,253327
 Missouri,Clinton County,21182
 Missouri,Cole County,77273
 Missouri,Cooper County,17103
 Missouri,Crawford County,23054
 Missouri,Dade County,7570
 Missouri,Dallas County,17069
 Missouri,Daviess County,8434
 Missouri,DeKalb County,11031
 Missouri,Dent County,14416
 Missouri,Douglas County,11569
 Missouri,Dunklin County,28283
 Missouri,Franklin County,104688
 Missouri,Gasconade County,14793
 Missouri,Gentry County,6166
 Missouri,Greene County,298909
 Missouri,Grundy County,9808
 Missouri,Harrison County,8157
 Missouri,Henry County,21951
 Missouri,Hickory County,8273
 Missouri,Holt County,4233
 Missouri,Howard County,10154
 Missouri,Howell County,39754
 Missouri,Iron County,9535
 Missouri,Jackson County,717214
 Missouri,Jasper County,122750
 Missouri,Jefferson County,226569
 Missouri,Johnson County,54012
 Missouri,Knox County,3742
 Missouri,Laclede County,36038
 Missouri,Lafayette County,32977
 Missouri,Lawrence County,38004
 Missouri,Lewis County,10036
 Missouri,Lincoln County,59577
 Missouri,Linn County,11873
 Missouri,Livingston County,14560
 Missouri,McDonald County,23298
 Missouri,Macon County,15210
 Missouri,Madison County,12625
 Missouri,Maries County,8427
 Missouri,Marion County,28533
 Missouri,Mercer County,3535
 Missouri,Miller County,24729
 Missouri,Mississippi County,12569
 Missouri,Moniteau County,15473
 Missouri,Monroe County,8668
 Missouri,Montgomery County,11316
 Missouri,Morgan County,21007
 Missouri,New Madrid County,16429
 Missouri,Newton County,58650
 Missouri,Nodaway County,21232
 Missouri,Oregon County,8638
 Missouri,Osage County,13270
 Missouri,Ozark County,8554
 Missouri,Pemiscot County,15663
 Missouri,Perry County,18954
 Missouri,Pettis County,42980
 Missouri,Phelps County,44638
 Missouri,Pike County,17587
 Missouri,Platte County,106725
 Missouri,Polk County,31522
 Missouri,Pulaski County,53959
 Missouri,Putnam County,4674
 Missouri,Ralls County,10351
 Missouri,Randolph County,24713
 Missouri,Ray County,23161
 Missouri,Reynolds County,6094
 Missouri,Ripley County,10676
 Missouri,St Charles County,405265
 Missouri,St Clair County,9282
 Missouri,Ste Genevieve County,18479
 Missouri,St Francois County,66919
 Missouri,St Louis County,1004501
 Missouri,Saline County,23334
 Missouri,Schuyler County,4033
 Missouri,Scotland County,4715
 Missouri,Scott County,38054
 Missouri,Shannon County,7033
 Missouri,Shelby County,6110
 Missouri,Stoddard County,28676
 Missouri,Stone County,31072
 Missouri,Sullivan County,5987
 Missouri,Taney County,56058
 Missouri,Texas County,24483
 Missouri,Vernon County,19712
 Missouri,Warren County,35535
 Missouri,Washington County,23517
 Missouri,Wayne County,10973
 Missouri,Webster County,39084
 Missouri,Worth County,1973
 Missouri,Wright County,18187
 Missouri,St Louis city,301371
 Montana,Beaverhead County,9369
 Montana,Big Horn County,13125
 Montana,Blaine County,7040
 Montana,Broadwater County,6778
 Montana,Carbon County,10479
 Montana,Carter County,1414
 Montana,Cascade County,84411
 Montana,Chouteau County,5915
 Montana,Custer County,11866
 Montana,Daniels County,1656
 Montana,Dawson County,8942
 Montana,Deer Lodge County,9425
 Montana,Fallon County,3049
 Montana,Fergus County,11442
 Montana,Flathead County,104355
 Montana,Gallatin County,118962
 Montana,Garfield County,1170
 Montana,Glacier County,13775
 Montana,Golden Valley County,824
 Montana,Granite County,3304
 Montana,Hill County,16293
 Montana,Jefferson County,12082
 Montana,Judith Basin County,2019
 Montana,Lake County,31131
 Montana,Lewis and Clark County,70971
 Montana,Liberty County,1960
 Montana,Lincoln County,19680
 Montana,McCone County,1727
 Montana,Madison County,8625
 Montana,Meagher County,1928
 Montana,Mineral County,4531
 Montana,Missoula County,117928
 Montana,Musselshell County,4736
 Montana,Park County,17195
 Montana,Petroleum County,497
 Montana,Phillips County,4218
 Montana,Pondera County,5902
 Montana,Powder River County,1694
 Montana,Powell County,6941
 Montana,Prairie County,1090
 Montana,Ravalli County,44173
 Montana,Richland County,11493
 Montana,Roosevelt County,10798
 Montana,Rosebud County,8331
 Montana,Sanders County,12400
 Montana,Sheridan County,3542
 Montana,Silver Bow County,35130
 Montana,Stillwater County,8963
 Montana,Sweet Grass County,3677
 Montana,Teton County,6227
 Montana,Toole County,4969
 Montana,Treasure County,759
 Montana,Valley County,7580
 Montana,Wheatland County,2066
 Montana,Wibaux County,937
 Montana,Yellowstone County,164722
 Nebraska,Adams County,31197
 Nebraska,Antelope County,6292
 Nebraska,Arthur County,433
 Nebraska,Banner County,675
 Nebraska,Blaine County,429
 Nebraska,Boone County,5374
 Nebraska,Box Butte County,10833
 Nebraska,Boyd County,1811
 Nebraska,Brown County,2902
 Nebraska,Buffalo County,50092
 Nebraska,Burt County,6729
 Nebraska,Butler County,8370
 Nebraska,Cass County,26600
 Nebraska,Cedar County,8378
 Nebraska,Chase County,3896
 Nebraska,Cherry County,5458
 Nebraska,Cheyenne County,9467
 Nebraska,Clay County,6109
 Nebraska,Colfax County,10579
 Nebraska,Cuming County,9012
 Nebraska,Custer County,10540
 Nebraska,Dakota County,21586
 Nebraska,Dawes County,8199
 Nebraska,Dawson County,24105
 Nebraska,Deuel County,1839
 Nebraska,Dixon County,5601
 Nebraska,Dodge County,37175
 Nebraska,Douglas County,584526
 Nebraska,Dundy County,1654
 Nebraska,Fillmore County,5554
 Nebraska,Franklin County,2890
 Nebraska,Frontier County,2517
 Nebraska,Furnas County,4638
 Nebraska,Gage County,21702
 Nebraska,Garden County,1874
 Nebraska,Garfield County,1813
 Nebraska,Gosper County,1894
 Nebraska,Grant County,614
 Nebraska,Greeley County,2189
 Nebraska,Hall County,62900
 Nebraska,Hamilton County,9426
 Nebraska,Harlan County,3073
 Nebraska,Hayes County,852
 Nebraska,Hitchcock County,2615
 Nebraska,Holt County,10128
 Nebraska,Hooker County,711
 Nebraska,Howard County,6473
 Nebraska,Jefferson County,7240
 Nebraska,Johnson County,5288
 Nebraska,Kearney County,6686
 Nebraska,Keith County,8331
 Nebraska,Keya Paha County,769
 Nebraska,Kimball County,3435
 Nebraska,Knox County,8401
 Nebraska,Lancaster County,322608
 Nebraska,Lincoln County,34676
 Nebraska,Logan County,721
 Nebraska,Loup County,605
 Nebraska,McPherson County,399
 Nebraska,Madison County,35588
 Nebraska,Merrick County,7663
 Nebraska,Morrill County,4559
 Nebraska,Nance County,3380
 Nebraska,Nemaha County,7075
 Nebraska,Nuckolls County,4095
 Nebraska,Otoe County,15912
 Nebraska,Pawnee County,2550
 Nebraska,Perkins County,2859
 Nebraska,Phelps County,8968
 Nebraska,Pierce County,7318
 Nebraska,Platte County,34298
 Nebraska,Polk County,5214
 Nebraska,Red Willow County,10702
 Nebraska,Richardson County,7870
 Nebraska,Rock County,1263
 Nebraska,Saline County,14762
 Nebraska,Sarpy County,190603
 Nebraska,Saunders County,22277
 Nebraska,Scotts Bluff County,36091
 Nebraska,Seward County,17602
 Nebraska,Sheridan County,5133
 Nebraska,Sherman County,2956
 Nebraska,Sioux County,1132
 Nebraska,Stanton County,5843
 Nebraska,Thayer County,5036
 Nebraska,Thomas County,672
 Nebraska,Thurston County,6774
 Nebraska,Valley County,4058
 Nebraska,Washington County,20860
 Nebraska,Wayne County,9703
 Nebraska,Webster County,3398
 Nebraska,Wheeler County,772
 Nebraska,York County,14127
 Nevada,Churchill County,25522
 Nevada,Clark County,2266452
 Nevada,Douglas County,49483
 Nevada,Elko County,53703
 Nevada,Esmeralda County,731
 Nevada,Eureka County,1853
 Nevada,Humboldt County,17283
 Nevada,Lander County,5732
 Nevada,Lincoln County,4501
 Nevada,Lyon County,59235
 Nevada,Mineral County,4552
 Nevada,Nye County,51590
 Nevada,Pershing County,6648
 Nevada,Storey County,4099
 Nevada,Washoe County,486491
 Nevada,White Pine County,9078
 Nevada,Carson City,58642
 New Hampshire,Belknap County,63704
 New Hampshire,Carroll County,50099
 New Hampshire,Cheshire County,76449
 New Hampshire,Coos County,31259
 New Hampshire,Grafton County,91119
 New Hampshire,Hillsborough County,422944
 New Hampshire,Merrimack County,153805
 New Hampshire,Rockingham County,314213
 New Hampshire,Strafford County,130897
 New Hampshire,Sullivan County,43057
 New Jersey,Atlantic County,274533
 New Jersey,Bergen County,955721
 New Jersey,Burlington County,461856
 New Jersey,Camden County,523504
 New Jersey,Cape May County,95269
 New Jersey,Cumberland County,154152
 New Jersey,Essex County,862769
 New Jersey,Gloucester County,302270
 New Jersey,Hudson County,724855
 New Jersey,Hunterdon County,128954
 New Jersey,Mercer County,387333
 New Jersey,Middlesex County,863201
 New Jersey,Monmouth County,643522
 New Jersey,Morris County,509294
 New Jersey,Ocean County,637300
 New Jersey,Passaic County,525066
 New Jersey,Salem County,64830
 New Jersey,Somerset County,345362
 New Jersey,Sussex County,144228
 New Jersey,Union County,575360
 New Jersey,Warren County,109635
 New Mexico,Bernalillo County,676446
 New Mexico,Catron County,3580
 New Mexico,Chaves County,65156
 New Mexico,Cibola County,27052
 New Mexico,Colfax County,12383
 New Mexico,Curry County,48431
 New Mexico,De Baca County,1697
 New Mexico,Doña Ana County,219566
 New Mexico,Eddy County,62320
 New Mexico,Grant County,28198
 New Mexico,Guadalupe County,4454
 New Mexico,Harding County,654
 New Mexico,Hidalgo County,4177
 New Mexico,Lea County,74457
 New Mexico,Lincoln County,20262
 New Mexico,Los Alamos County,19422
 New Mexico,Luna County,25422
 New Mexico,McKinley County,72897
 New Mexico,Mora County,4185
 New Mexico,Otero County,67836
 New Mexico,Quay County,8740
 New Mexico,Rio Arriba County,40355
 New Mexico,Roosevelt County,19193
 New Mexico,Sandoval County,148839
 New Mexico,San Juan County,121671
 New Mexico,San Miguel County,27200
 New Mexico,Santa Fe County,154826
 New Mexico,Sierra County,11576
 New Mexico,Socorro County,16601
 New Mexico,Taos County,34491
 New Mexico,Torrance County,15047
 New Mexico,Union County,4084
 New Mexico,Valencia County,76337
 New York,Albany County,314838
 New York,Allegany County,46477
 New York,Bronx County,1472645
 New York,Broome County,198685
 New York,Cattaraugus County,77042
 New York,Cayuga County,76249
 New York,Chautauqua County,127647
 New York,Chemung County,84152
 New York,Chenango County,47229
 New York,Clinton County,79843
 New York,Columbia County,61571
 New York,Cortland County,46808
 New York,Delaware County,44310
 New York,Dutchess County,297023
 New York,Erie County,954208
 New York,Essex County,37379
 New York,Franklin County,47559
 New York,Fulton County,53337
 New York,Genesee County,58393
 New York,Greene County,47932
 New York,Hamilton County,5095
 New York,Herkimer County,60140
 New York,Jefferson County,116716
 New York,Kings County,2736296
 New York,Lewis County,26582
 New York,Livingston County,61836
 New York,Madison County,68031
 New York,Monroe County,759348
 New York,Montgomery County,49528
 New York,Nassau County,1395805
 New York,New York County,1694978
 New York,Niagara County,212662
 New York,Oneida County,232121
 New York,Onondaga County,476523
 New York,Ontario County,112465
 New York,Orange County,401318
 New York,Orleans County,40413
 New York,Oswego County,117542
 New York,Otsego County,58515
 New York,Putnam County,97674
 New York,Queens County,2405424
 New York,Rensselaer County,161130
 New York,Richmond County,496251
 New York,Rockland County,338329
 New York,St Lawrence County,108512
 New York,Saratoga County,235507
 New York,Schenectady County,158045
 New York,Schoharie County,29726
 New York,Schuyler County,17890
 New York,Seneca County,33806
 New York,Steuben County,93576
 New York,Suffolk County,1525913
 New York,Sullivan County,78619
 New York,Tioga County,48458
 New York,Tompkins County,105734
 New York,Ulster County,181833
 New York,Warren County,65733
 New York,Washington County,61302
 New York,Wayne County,91293
 New York,Westchester County,1004465
 New York,Wyoming County,40545
 New York,Yates County,24766
 North Carolina,Alamance County,171476
 North Carolina,Alexander County,36443
 North Carolina,Alleghany County,10877
 North Carolina,Anson County,22050
 North Carolina,Ashe County,26586
 North Carolina,Avery County,17814
 North Carolina,Beaufort County,44651
 North Carolina,Bertie County,17929
 North Carolina,Bladen County,29615
 North Carolina,Brunswick County,136689
 North Carolina,Buncombe County,269425
 North Carolina,Burke County,87556
 North Carolina,Cabarrus County,225797
 North Carolina,Caldwell County,80673
 North Carolina,Camden County,10356
 North Carolina,Carteret County,67687
 North Carolina,Caswell County,22739
 North Carolina,Catawba County,160609
 North Carolina,Chatham County,76255
 North Carolina,Cherokee County,28774
 North Carolina,Chowan County,13709
 North Carolina,Clay County,11087
 North Carolina,Cleveland County,99527
 North Carolina,Columbus County,50625
 North Carolina,Craven County,100731
 North Carolina,Cumberland County,334730
 North Carolina,Currituck County,28102
 North Carolina,Dare County,36912
 North Carolina,Davidson County,168925
 North Carolina,Davie County,42709
 North Carolina,Duplin County,48709
 North Carolina,Durham County,324863
 North Carolina,Edgecombe County,48891
 North Carolina,Forsyth County,382606
 North Carolina,Franklin County,68622
 North Carolina,Gaston County,227944
 North Carolina,Gates County,10476
 North Carolina,Graham County,8030
 North Carolina,Granville County,61006
 North Carolina,Greene County,20447
 North Carolina,Guilford County,541242
 North Carolina,Halifax County,48622
 North Carolina,Harnett County,133556
 North Carolina,Haywood County,62087
 North Carolina,Henderson County,116304
 North Carolina,Hertford County,21553
 North Carolina,Hoke County,52082
 North Carolina,Hyde County,4589
 North Carolina,Iredell County,186688
 North Carolina,Jackson County,43110
 North Carolina,Johnston County,216001
 North Carolina,Jones County,9170
 North Carolina,Lee County,63286
 North Carolina,Lenoir County,55126
 North Carolina,Lincoln County,86812
 North Carolina,McDowell County,44583
 North Carolina,Macon County,37016
 North Carolina,Madison County,21198
 North Carolina,Martin County,22038
 North Carolina,Mecklenburg County,1115535
 North Carolina,Mitchell County,14896
 North Carolina,Montgomery County,25747
 North Carolina,Moore County,99741
 North Carolina,Nash County,94964
 North Carolina,New Hanover County,225704
 North Carolina,Northampton County,17474
 North Carolina,Onslow County,204588
 North Carolina,Orange County,148707
 North Carolina,Pamlico County,12273
 North Carolina,Pasquotank County,40569
 North Carolina,Pender County,60211
 North Carolina,Perquimans County,13010
 North Carolina,Person County,39085
 North Carolina,Pitt County,171812
 North Carolina,Polk County,19324
 North Carolina,Randolph County,144148
 North Carolina,Richmond County,42943
 North Carolina,Robeson County,116524
 North Carolina,Rockingham County,91118
 North Carolina,Rowan County,146875
 North Carolina,Rutherford County,64444
 North Carolina,Sampson County,59037
 North Carolina,Scotland County,34173
 North Carolina,Stanly County,62502
 North Carolina,Stokes County,44528
 North Carolina,Surry County,71364
 North Carolina,Swain County,14115
 North Carolina,Transylvania County,32984
 North Carolina,Tyrrell County,3242
 North Carolina,Union County,238237
 North Carolina,Vance County,42585
 North Carolina,Wake County,1129352
 North Carolina,Warren County,18637
 North Carolina,Washington County,11005
 North Carolina,Watauga County,54079
 North Carolina,Wayne County,117327
 North Carolina,Wilkes County,65970
 North Carolina,Wilson County,79269
 North Carolina,Yadkin County,37213
 North Carolina,Yancey County,18473
 North Dakota,Adams County,2194
 North Dakota,Barnes County,10840
 North Dakota,Benson County,5960
 North Dakota,Billings County,947
 North Dakota,Bottineau County,6370
 North Dakota,Bowman County,2993
 North Dakota,Burke County,2195
 North Dakota,Burleigh County,98455
 North Dakota,Cass County,184531
 North Dakota,Cavalier County,3710
 North Dakota,Dickey County,4988
 North Dakota,Divide County,2195
 North Dakota,Dunn County,4095
 North Dakota,Eddy County,2339
 North Dakota,Emmons County,3303
 North Dakota,Foster County,3395
 North Dakota,Golden Valley County,1729
 North Dakota,Grand Forks County,73169
 North Dakota,Grant County,2304
 North Dakota,Griggs County,2310
 North Dakota,Hettinger County,2484
 North Dakota,Kidder County,2399
 North Dakota,LaMoure County,4086
 North Dakota,Logan County,1869
 North Dakota,McHenry County,5336
 North Dakota,McIntosh County,2534
 North Dakota,McKenzie County,14707
 North Dakota,McLean County,9776
 North Dakota,Mercer County,8353
 North Dakota,Morton County,33291
 North Dakota,Mountrail County,9806
 North Dakota,Nelson County,3019
 North Dakota,Oliver County,1875
 North Dakota,Pembina County,6835
 North Dakota,Pierce County,3990
 North Dakota,Ramsey County,11612
 North Dakota,Ransom County,5701
 North Dakota,Renville County,2290
 North Dakota,Richland County,16531
 North Dakota,Rolette County,12194
 North Dakota,Sargent County,3866
 North Dakota,Sheridan County,1268
 North Dakota,Sioux County,3897
 North Dakota,Slope County,707
 North Dakota,Stark County,33650
 North Dakota,Steele County,1791
 North Dakota,Stutsman County,21601
 North Dakota,Towner County,2155
 North Dakota,Traill County,7990
 North Dakota,Walsh County,10556
 North Dakota,Ward County,69922
 North Dakota,Wells County,3982
 North Dakota,Williams County,40951
 Ohio,Adams County,27480
 Ohio,Allen County,102217
 Ohio,Ashland County,52442
 Ohio,Ashtabula County,97580
 Ohio,Athens County,62424
 Ohio,Auglaize County,46425
 Ohio,Belmont County,66491
 Ohio,Brown County,43681
 Ohio,Butler County,390352
 Ohio,Carroll County,26715
 Ohio,Champaign County,38710
 Ohio,Clark County,135974
 Ohio,Clermont County,208595
 Ohio,Clinton County,42029
 Ohio,Columbiana County,101885
 Ohio,Coshocton County,36615
 Ohio,Crawford County,42017
 Ohio,Cuyahoga County,1264775
 Ohio,Darke County,51875
 Ohio,Defiance County,38281
 Ohio,Delaware County,214123
 Ohio,Erie County,75615
 Ohio,Fairfield County,158920
 Ohio,Fayette County,28948
 Ohio,Franklin County,1323819
 Ohio,Fulton County,42705
 Ohio,Gallia County,29222
 Ohio,Geauga County,95427
 Ohio,Greene County,167965
 Ohio,Guernsey County,38434
 Ohio,Hamilton County,830636
 Ohio,Hancock County,74912
 Ohio,Hardin County,30683
 Ohio,Harrison County,14485
 Ohio,Henry County,27665
 Ohio,Highland County,43316
 Ohio,Hocking County,28056
 Ohio,Holmes County,44220
 Ohio,Huron County,58568
 Ohio,Jackson County,32653
 Ohio,Jefferson County,65253
 Ohio,Knox County,62709
 Ohio,Lake County,232522
 Ohio,Lawrence County,58232
 Ohio,Licking County,178517
 Ohio,Logan County,46149
 Ohio,Lorain County,312981
 Ohio,Lucas County,431274
 Ohio,Madison County,43848
 Ohio,Mahoning County,228613
 Ohio,Marion County,65356
 Ohio,Medina County,182460
 Ohio,Meigs County,22205
 Ohio,Mercer County,42528
 Ohio,Miami County,108774
 Ohio,Monroe County,13388
 Ohio,Montgomery County,537301
 Ohio,Morgan County,13797
 Ohio,Morrow County,34944
 Ohio,Muskingum County,86413
 Ohio,Noble County,14120
 Ohio,Ottawa County,40361
 Ohio,Paulding County,18801
 Ohio,Perry County,35412
 Ohio,Pickaway County,58551
 Ohio,Pike County,27091
 Ohio,Portage County,161798
 Ohio,Preble County,41005
 Ohio,Putnam County,34453
 Ohio,Richland County,124944
 Ohio,Ross County,77093
 Ohio,Sandusky County,58903
 Ohio,Scioto County,74010
 Ohio,Seneca County,55076
 Ohio,Shelby County,48233
 Ohio,Stark County,374879
 Ohio,Summit County,540413
 Ohio,Trumbull County,202062
 Ohio,Tuscarawas County,93265
 Ohio,Union County,62790
 Ohio,Van Wert County,28932
 Ohio,Vinton County,12807
 Ohio,Warren County,242348
 Ohio,Washington County,59774
 Ohio,Wayne County,116875
 Ohio,Williams County,37108
 Ohio,Wood County,132255
 Ohio,Wyandot County,21895
 Oklahoma,Adair County,19498
 Oklahoma,Alfalfa County,5704
 Oklahoma,Atoka County,14144
 Oklahoma,Beaver County,5050
 Oklahoma,Beckham County,22410
 Oklahoma,Blaine County,8729
 Oklahoma,Bryan County,46070
 Oklahoma,Caddo County,26945
 Oklahoma,Canadian County,154155
 Oklahoma,Carter County,48003
 Oklahoma,Cherokee County,47074
 Oklahoma,Choctaw County,14206
 Oklahoma,Cimarron County,2293
 Oklahoma,Cleveland County,295533
 Oklahoma,Coal County,5267
 Oklahoma,Comanche County,121120
 Oklahoma,Cotton County,5525
 Oklahoma,Craig County,14107
 Oklahoma,Creek County,71763
 Oklahoma,Custer County,28518
 Oklahoma,Delaware County,40395
 Oklahoma,Dewey County,4479
 Oklahoma,Ellis County,3753
 Oklahoma,Garfield County,62845
 Oklahoma,Garvin County,25661
 Oklahoma,Grady County,54805
 Oklahoma,Grant County,4165
 Oklahoma,Greer County,5491
 Oklahoma,Harmon County,2489
 Oklahoma,Harper County,3266
 Oklahoma,Haskell County,11559
 Oklahoma,Hughes County,13364
 Oklahoma,Jackson County,24792
 Oklahoma,Jefferson County,5344
 Oklahoma,Johnston County,10276
 Oklahoma,Kay County,43700
 Oklahoma,Kingfisher County,15189
 Oklahoma,Kiowa County,8505
 Oklahoma,Latimer County,9448
 Oklahoma,Le Flore County,48132
 Oklahoma,Lincoln County,33463
 Oklahoma,Logan County,49554
 Oklahoma,Love County,10144
 Oklahoma,McClain County,41659
 Oklahoma,McCurtain County,30812
 Oklahoma,McIntosh County,18944
 Oklahoma,Major County,7783
 Oklahoma,Marshall County,15300
 Oklahoma,Mayes County,39043
 Oklahoma,Murray County,13904
 Oklahoma,Muskogee County,66343
 Oklahoma,Noble County,10924
 Oklahoma,Nowata County,9324
 Oklahoma,Okfuskee County,11313
 Oklahoma,Oklahoma County,796563
 Oklahoma,Okmulgee County,36704
 Oklahoma,Osage County,45829
 Oklahoma,Ottawa County,30286
 Oklahoma,Pawnee County,15558
 Oklahoma,Payne County,81646
 Oklahoma,Pittsburg County,43770
 Oklahoma,Pontotoc County,38068
 Oklahoma,Pottawatomie County,72450
 Oklahoma,Pushmataha County,10812
 Oklahoma,Roger Mills County,3439
 Oklahoma,Rogers County,95245
 Oklahoma,Seminole County,23555
 Oklahoma,Sequoyah County,39277
 Oklahoma,Stephens County,42847
 Oklahoma,Texas County,21383
 Oklahoma,Tillman County,6960
 Oklahoma,Tulsa County,669260
 Oklahoma,Wagoner County,80997
 Oklahoma,Washington County,52443
 Oklahoma,Washita County,10921
 Oklahoma,Woods County,8627
 Oklahoma,Woodward County,20483
 Oregon,Baker County,16669
 Oregon,Benton County,95186
 Oregon,Clackamas County,421428
 Oregon,Clatsop County,41067
 Oregon,Columbia County,52592
 Oregon,Coos County,64926
 Oregon,Crook County,24739
 Oregon,Curry County,23448
 Oregon,Deschutes County,198253
 Oregon,Douglas County,111200
 Oregon,Gilliam County,1994
 Oregon,Grant County,7225
 Oregon,Harney County,7501
 Oregon,Hood River County,23981
 Oregon,Jackson County,223263
 Oregon,Jefferson County,24503
 Oregon,Josephine County,88088
 Oregon,Klamath County,69412
 Oregon,Lake County,8164
 Oregon,Lane County,382974
 Oregon,Lincoln County,50402
 Oregon,Linn County,128609
 Oregon,Malheur County,31569
 Oregon,Marion County,345905
 Oregon,Morrow County,12184
 Oregon,Multnomah County,815398
 Oregon,Polk County,87430
 Oregon,Sherman County,1866
 Oregon,Tillamook County,27386
 Oregon,Umatilla County,80078
 Oregon,Union County,26195
 Oregon,Wallowa County,7386
 Oregon,Wasco County,26667
 Oregon,Washington County,600372
 Oregon,Wheeler County,1448
 Oregon,Yamhill County,107716
 Pennsylvania,Adams County,103840
 Pennsylvania,Allegheny County,1250583
 Pennsylvania,Armstrong County,65548
 Pennsylvania,Beaver County,168220
 Pennsylvania,Bedford County,47576
 Pennsylvania,Berks County,428850
 Pennsylvania,Blair County,122821
 Pennsylvania,Bradford County,59956
 Pennsylvania,Bucks County,646515
 Pennsylvania,Butler County,193764
 Pennsylvania,Cambria County,133463
 Pennsylvania,Cameron County,4548
 Pennsylvania,Carbon County,64754
 Pennsylvania,Centre County,158164
 Pennsylvania,Chester County,534418
 Pennsylvania,Clarion County,37238
 Pennsylvania,Clearfield County,80558
 Pennsylvania,Clinton County,37448
 Pennsylvania,Columbia County,64722
 Pennsylvania,Crawford County,83954
 Pennsylvania,Cumberland County,259468
 Pennsylvania,Dauphin County,286392
 Pennsylvania,Delaware County,576970
 Pennsylvania,Elk County,30992
 Pennsylvania,Erie County,271049
 Pennsylvania,Fayette County,128823
 Pennsylvania,Forest County,6978
 Pennsylvania,Franklin County,155948
 Pennsylvania,Fulton County,14567
 Pennsylvania,Greene County,35949
 Pennsylvania,Huntingdon County,44105
 Pennsylvania,Indiana County,83232
 Pennsylvania,Jefferson County,44491
 Pennsylvania,Juniata County,23504
 Pennsylvania,Lackawanna County,215911
 Pennsylvania,Lancaster County,552981
 Pennsylvania,Lawrence County,86067
 Pennsylvania,Lebanon County,143262
 Pennsylvania,Lehigh County,374552
 Pennsylvania,Luzerne County,325602
 Pennsylvania,Lycoming County,114193
 Pennsylvania,McKean County,40435
 Pennsylvania,Mercer County,110656
 Pennsylvania,Mifflin County,46140
 Pennsylvania,Monroe County,168315
 Pennsylvania,Montgomery County,856413
 Pennsylvania,Montour County,18145
 Pennsylvania,Northampton County,312957
 Pennsylvania,Northumberland County,91642
 Pennsylvania,Perry County,45841
 Pennsylvania,Philadelphia County,1603794
 Pennsylvania,Pike County,58545
 Pennsylvania,Potter County,16399
 Pennsylvania,Schuylkill County,143046
 Pennsylvania,Snyder County,39742
 Pennsylvania,Somerset County,74137
 Pennsylvania,Sullivan County,5841
 Pennsylvania,Susquehanna County,38437
 Pennsylvania,Tioga County,41044
 Pennsylvania,Union County,42685
 Pennsylvania,Venango County,50450
 Pennsylvania,Warren County,38596
 Pennsylvania,Washington County,209345
 Pennsylvania,Wayne County,51149
 Pennsylvania,Westmoreland County,354648
 Pennsylvania,Wyoming County,26082
 Pennsylvania,York County,456449
 Rhode Island,Bristol County,50786
 Rhode Island,Kent County,170366
 Rhode Island,Newport County,85641
 Rhode Island,Providence County,660725
 Rhode Island,Washington County,129836
 South Carolina,Abbeville County,24290
 South Carolina,Aiken County,168805
 South Carolina,Allendale County,8042
 South Carolina,Anderson County,203721
 South Carolina,Bamberg County,13312
 South Carolina,Barnwell County,20592
 South Carolina,Beaufort County,187098
 South Carolina,Berkeley County,229781
 South Carolina,Calhoun County,14121
 South Carolina,Charleston County,408530
 South Carolina,Cherokee County,56226
 South Carolina,Chester County,32300
 South Carolina,Chesterfield County,43267
 South Carolina,Clarendon County,31140
 South Carolina,Colleton County,38601
 South Carolina,Darlington County,62897
 South Carolina,Dillon County,28298
 South Carolina,Dorchester County,161331
 South Carolina,Edgefield County,25645
 South Carolina,Fairfield County,20940
 South Carolina,Florence County,137046
 South Carolina,Georgetown County,63406
 South Carolina,Greenville County,525543
 South Carolina,Greenwood County,69351
 South Carolina,Hampton County,18565
 South Carolina,Horry County,351038
 South Carolina,Jasper County,28805
 South Carolina,Kershaw County,65413
 South Carolina,Lancaster County,96012
 South Carolina,Laurens County,67527
 South Carolina,Lee County,16535
 South Carolina,Lexington County,293912
 South Carolina,McCormick County,9529
 South Carolina,Marion County,29179
 South Carolina,Marlboro County,26669
 South Carolina,Newberry County,37726
 South Carolina,Oconee County,78601
 South Carolina,Orangeburg County,84229
 South Carolina,Pickens County,131417
 South Carolina,Richland County,416146
 South Carolina,Saluda County,18934
 South Carolina,Spartanburg County,327997
 South Carolina,Sumter County,105557
 South Carolina,Union County,27240
 South Carolina,Williamsburg County,31026
 South Carolina,York County,281912
 South Dakota,Aurora County,2753
 South Dakota,Beadle County,19152
 South Dakota,Bennett County,3379
 South Dakota,Bon Homme County,6995
 South Dakota,Brookings County,34376
 South Dakota,Brown County,38296
 South Dakota,Brule County,5247
 South Dakota,Buffalo County,1945
 South Dakota,Butte County,10242
 South Dakota,Campbell County,1378
 South Dakota,Charles Mix County,9384
 South Dakota,Clark County,3839
 South Dakota,Clay County,14971
 South Dakota,Codington County,28323
 South Dakota,Corson County,3896
 South Dakota,Custer County,8325
 South Dakota,Davison County,19950
 South Dakota,Day County,5444
 South Dakota,Deuel County,4301
 South Dakota,Dewey County,5243
 South Dakota,Douglas County,2833
 South Dakota,Edmunds County,3996
 South Dakota,Fall River County,6971
 South Dakota,Faulk County,2124
 South Dakota,Grant County,7562
 South Dakota,Gregory County,3991
 South Dakota,Haakon County,1874
 South Dakota,Hamlin County,6162
 South Dakota,Hand County,3148
 South Dakota,Hanson County,3458
 South Dakota,Harding County,1310
 South Dakota,Hughes County,17770
 South Dakota,Hutchinson County,7425
 South Dakota,Hyde County,1263
 South Dakota,Jackson County,2808
 South Dakota,Jerauld County,1657
 South Dakota,Jones County,917
 South Dakota,Kingsbury County,5187
 South Dakota,Lake County,11064
 South Dakota,Lawrence County,25776
 South Dakota,Lincoln County,65156
 South Dakota,Lyman County,3714
 South Dakota,McCook County,5683
 South Dakota,McPherson County,2410
 South Dakota,Marshall County,4300
 South Dakota,Meade County,29850
 South Dakota,Mellette County,1921
 South Dakota,Miner County,2300
 South Dakota,Minnehaha County,197221
 South Dakota,Moody County,6336
 South Dakota,Oglala Lakota County,13671
 South Dakota,Pennington County,109229
 South Dakota,Perkins County,2849
 South Dakota,Potter County,2474
 South Dakota,Roberts County,10282
 South Dakota,Sanborn County,2335
 South Dakota,Spink County,6357
 South Dakota,Stanley County,2980
 South Dakota,Sully County,1447
 South Dakota,Todd County,9322
 South Dakota,Tripp County,5625
 South Dakota,Turner County,8674
 South Dakota,Union County,16814
 South Dakota,Walworth County,5318
 South Dakota,Yankton County,23312
 South Dakota,Ziebach County,2414
 Tennessee,Anderson County,77154
 Tennessee,Bedford County,50246
 Tennessee,Benton County,15865
 Tennessee,Bledsoe County,14916
 Tennessee,Blount County,135284
 Tennessee,Bradley County,108620
 Tennessee,Campbell County,39278
 Tennessee,Cannon County,14503
 Tennessee,Carroll County,28436
 Tennessee,Carter County,56363
 Tennessee,Cheatham County,41021
 Tennessee,Chester County,17352
 Tennessee,Claiborne County,32037
 Tennessee,Clay County,7585
 Tennessee,Cocke County,35997
 Tennessee,Coffee County,57889
 Tennessee,Crockett County,13908
 Tennessee,Cumberland County,61145
 Tennessee,Davidson County,715884
 Tennessee,Decatur County,11436
 Tennessee,DeKalb County,20079
 Tennessee,Dickson County,54317
 Tennessee,Dyer County,36799
 Tennessee,Fayette County,41714
 Tennessee,Fentress County,18487
 Tennessee,Franklin County,42733
 Tennessee,Gibson County,50413
 Tennessee,Giles County,30343
 Tennessee,Grainger County,23528
 Tennessee,Greene County,70161
 Tennessee,Grundy County,13533
 Tennessee,Hamblen County,64497
 Tennessee,Hamilton County,366837
 Tennessee,Hancock County,6660
 Tennessee,Hardeman County,25461
 Tennessee,Hardin County,26977
 Tennessee,Hawkins County,56723
 Tennessee,Haywood County,17861
 Tennessee,Henderson County,27840
 Tennessee,Henry County,32196
 Tennessee,Hickman County,24907
 Tennessee,Houston County,8284
 Tennessee,Humphreys County,18985
 Tennessee,Jackson County,11614
 Tennessee,Jefferson County,54681
 Tennessee,Johnson County,17952
 Tennessee,Knox County,478959
 Tennessee,Lake County,6999
 Tennessee,Lauderdale County,25140
 Tennessee,Lawrence County,44154
 Tennessee,Lewis County,12583
 Tennessee,Lincoln County,35324
 Tennessee,Loudon County,54891
 Tennessee,McMinn County,53274
 Tennessee,McNairy County,25855
 Tennessee,Macon County,25217
 Tennessee,Madison County,98832
 Tennessee,Marion County,28871
 Tennessee,Marshall County,34322
 Tennessee,Maury County,100974
 Tennessee,Meigs County,12756
 Tennessee,Monroe County,46250
 Tennessee,Montgomery County,220012
 Tennessee,Moore County,6463
 Tennessee,Morgan County,21036
 Tennessee,Obion County,30791
 Tennessee,Overton County,22505
 Tennessee,Perry County,8387
 Tennessee,Pickett County,5003
 Tennessee,Polk County,17544
 Tennessee,Putnam County,79858
 Tennessee,Rhea County,33220
 Tennessee,Roane County,53542
 Tennessee,Robertson County,72811
 Tennessee,Rutherford County,341478
 Tennessee,Scott County,21847
 Tennessee,Sequatchie County,15823
 Tennessee,Sevier County,98679
 Tennessee,Shelby County,930015
 Tennessee,Smith County,19908
 Tennessee,Stewart County,13658
 Tennessee,Sullivan County,158161
 Tennessee,Sumner County,196280
 Tennessee,Tipton County,60977
 Tennessee,Trousdale County,11609
 Tennessee,Unicoi County,17912
 Tennessee,Union County,19802
 Tennessee,Van Buren County,6169
 Tennessee,Warren County,40950
 Tennessee,Washington County,133005
 Tennessee,Wayne County,16231
 Tennessee,Weakley County,32899
 Tennessee,White County,27354
 Tennessee,Williamson County,247777
 Tennessee,Wilson County,147739
 Texas,Anderson County,57927
 Texas,Andrews County,18611
 Texas,Angelina County,86512
 Texas,Aransas County,23835
 Texas,Archer County,8554
 Texas,Armstrong County,1848
 Texas,Atascosa County,49134
 Texas,Austin County,30167
 Texas,Bailey County,6903
 Texas,Bandera County,20842
 Texas,Bastrop County,97230
 Texas,Baylor County,3465
 Texas,Bee County,31054
 Texas,Bell County,370790
 Texas,Bexar County,2009323
 Texas,Blanco County,11377
 Texas,Borden County,629
 Texas,Bosque County,18229
 Texas,Bowie County,92892
 Texas,Brazoria County,372040
 Texas,Brazos County,233849
 Texas,Brewster County,9547
 Texas,Briscoe County,1437
 Texas,Brooks County,7127
 Texas,Brown County,38107
 Texas,Burleson County,17642
 Texas,Burnet County,49123
 Texas,Caldwell County,45879
 Texas,Calhoun County,20104
 Texas,Callahan County,13710
 Texas,Cameron County,421126
 Texas,Camp County,12466
 Texas,Carson County,5801
 Texas,Cass County,28448
 Texas,Castro County,7372
 Texas,Chambers County,46543
 Texas,Cherokee County,50529
 Texas,Childress County,6667
 Texas,Clay County,10217
 Texas,Cochran County,2550
 Texas,Coke County,3305
 Texas,Coleman County,7682
 Texas,Collin County,1066331
 Texas,Collingsworth County,2653
 Texas,Colorado County,20640
 Texas,Comal County,161466
 Texas,Comanche County,13591
 Texas,Concho County,3300
 Texas,Cooke County,41669
 Texas,Coryell County,83088
 Texas,Cottle County,1380
 Texas,Crane County,4676
 Texas,Crockett County,3097
 Texas,Crosby County,5126
 Texas,Culberson County,2187
 Texas,Dallam County,7134
 Texas,Dallas County,2611995
 Texas,Dawson County,12457
 Texas,Deaf Smith County,18584
 Texas,Delta County,5226
 Texas,Denton County,906485
 Texas,DeWitt County,19828
 Texas,Dickens County,1771
 Texas,Dimmit County,8615
 Texas,Donley County,3262
 Texas,Duval County,9828
 Texas,Eastland County,17750
 Texas,Ector County,165182
 Texas,Edwards County,1423
 Texas,Ellis County,192451
 Texas,El Paso County,865710
 Texas,Erath County,42543
 Texas,Falls County,16969
 Texas,Fannin County,35837
 Texas,Fayette County,24473
 Texas,Fisher County,3672
 Texas,Floyd County,5401
 Texas,Foard County,1097
 Texas,Fort Bend County,822989
 Texas,Franklin County,10355
 Texas,Freestone County,19440
 Texas,Frio County,18391
 Texas,Gaines County,21602
 Texas,Galveston County,350686
 Texas,Garza County,5818
 Texas,Gillespie County,26743
 Texas,Glasscock County,1115
 Texas,Goliad County,7018
 Texas,Gonzales County,19657
 Texas,Gray County,21225
 Texas,Grayson County,135592
 Texas,Gregg County,124301
 Texas,Grimes County,29296
 Texas,Guadalupe County,172712
 Texas,Hale County,32526
 Texas,Hall County,2819
 Texas,Hamilton County,8220
 Texas,Hansford County,5273
 Texas,Hardeman County,3550
 Texas,Hardin County,56237
 Texas,Harris County,4731433
 Texas,Harrison County,68834
 Texas,Hartley County,5366
 Texas,Haskell County,5416
 Texas,Hays County,241069
 Texas,Hemphill County,3384
 Texas,Henderson County,82144
 Texas,Hidalgo County,870790
 Texas,Hill County,35867
 Texas,Hockley County,21534
 Texas,Hood County,61594
 Texas,Hopkins County,36790
 Texas,Houston County,22078
 Texas,Howard County,34860
 Texas,Hudspeth County,3202
 Texas,Hunt County,99949
 Texas,Hutchinson County,20620
 Texas,Irion County,1514
 Texas,Jack County,8473
 Texas,Jackson County,14990
 Texas,Jasper County,32980
 Texas,Jeff Davis County,1998
 Texas,Jefferson County,256543
 Texas,Jim Hogg County,4835
 Texas,Jim Wells County,38901
 Texas,Johnson County,179995
 Texas,Jones County,19663
 Texas,Karnes County,14771
 Texas,Kaufman County,145330
 Texas,Kendall County,44303
 Texas,Kenedy County,351
 Texas,Kent County,751
 Texas,Kerr County,52598
 Texas,Kimble County,4282
 Texas,King County,263
 Texas,Kinney County,3131
 Texas,Kleberg County,31040
 Texas,Knox County,3357
 Texas,Lamar County,50083
 Texas,Lamb County,13043
 Texas,Lampasas County,21625
 Texas,La Salle County,6660
 Texas,Lavaca County,20338
 Texas,Lee County,17482
 Texas,Leon County,15761
 Texas,Liberty County,91658
 Texas,Limestone County,22153
 Texas,Lipscomb County,3061
 Texas,Live Oak County,11330
 Texas,Llano County,21277
 Texas,Loving County,65
 Texas,Lubbock County,310635
 Texas,Lynn County,5590
 Texas,McCulloch County,7629
 Texas,McLennan County,260582
 Texas,McMullen County,599
 Texas,Madison County,13461
 Texas,Marion County,9843
 Texas,Martin County,5247
 Texas,Mason County,3951
 Texas,Matagorda County,36258
 Texas,Maverick County,57881
 Texas,Medina County,50857
 Texas,Menard County,1964
 Texas,Midland County,170340
 Texas,Milam County,24749
 Texas,Mills County,4455
 Texas,Mitchell County,8992
 Texas,Montague County,20011
 Texas,Montgomery County,620567
 Texas,Moore County,21363
 Texas,Morris County,11971
 Texas,Motley County,1064
 Texas,Nacogdoches County,64669
 Texas,Navarro County,52645
 Texas,Newton County,12218
 Texas,Nolan County,14741
 Texas,Nueces County,353357
 Texas,Ochiltree County,10013
 Texas,Oldham County,1758
 Texas,Orange County,84815
 Texas,Palo Pinto County,28408
 Texas,Panola County,22496
 Texas,Parker County,148221
 Texas,Parmer County,9870
 Texas,Pecos County,15193
 Texas,Polk County,50118
 Texas,Potter County,118557
 Texas,Presidio County,6131
 Texas,Rains County,12154
 Texas,Randall County,140741
 Texas,Reagan County,3427
 Texas,Real County,2758
 Texas,Red River County,11584
 Texas,Reeves County,14745
 Texas,Refugio County,6736
 Texas,Roberts County,829
 Texas,Robertson County,16754
 Texas,Rockwall County,107884
 Texas,Runnels County,9900
 Texas,Rusk County,52216
 Texas,Sabine County,9894
 Texas,San Augustine County,7923
 Texas,San Jacinto County,27400
 Texas,San Patricio County,68753
 Texas,San Saba County,5725
 Texas,Schleicher County,2452
 Texas,Scurry County,16910
 Texas,Shackelford County,3106
 Texas,Shelby County,24140
 Texas,Sherman County,2784
 Texas,Smith County,233480
 Texas,Somervell County,9205
 Texas,Starr County,65921
 Texas,Stephens County,9099
 Texas,Sterling County,1372
 Texas,Stonewall County,1245
 Texas,Sutton County,3374
 Texas,Swisher County,6973
 Texas,Tarrant County,2110999
 Texas,Taylor County,143238
 Texas,Terrell County,760
 Texas,Terry County,11827
 Texas,Throckmorton County,1441
 Texas,Titus County,31241
 Texas,Tom Green County,120005
 Texas,Travis County,1290151
 Texas,Trinity County,13604
 Texas,Tyler County,19817
 Texas,Upshur County,40886
 Texas,Upton County,3310
 Texas,Uvalde County,24566
 Texas,Val Verde County,47588
 Texas,Van Zandt County,59534
 Texas,Victoria County,91322
 Texas,Walker County,76408
 Texas,Waller County,56750
 Texas,Ward County,11643
 Texas,Washington County,35797
 Texas,Webb County,267114
 Texas,Wharton County,41590
 Texas,Wheeler County,4987
 Texas,Wichita County,129360
 Texas,Wilbarger County,12890
 Texas,Willacy County,20162
 Texas,Williamson County,609057
 Texas,Wilson County,49750
 Texas,Winkler County,7791
 Texas,Wise County,68618
 Texas,Wood County,44849
 Texas,Yoakum County,7691
 Texas,Young County,17864
 Texas,Zapata County,13888
 Texas,Zavala County,9667
 Utah,Beaver County,7073
 Utah,Box Elder County,57665
 Utah,Cache County,133152
 Utah,Carbon County,20407
 Utah,Daggett County,936
 Utah,Davis County,362681
 Utah,Duchesne County,19609
 Utah,Emery County,9826
 Utah,Garfield County,5081
 Utah,Grand County,9672
 Utah,Iron County,57281
 Utah,Juab County,11784
 Utah,Kane County,7661
 Utah,Millard County,12981
 Utah,Morgan County,12297
 Utah,Piute County,1442
 Utah,Rich County,2512
 Utah,Salt Lake County,1185234
 Utah,San Juan County,14508
 Utah,Sanpete County,28438
 Utah,Sevier County,21516
 Utah,Summit County,42361
 Utah,Tooele County,72700
 Utah,Uintah County,35613
 Utah,Utah County,659397
 Utah,Wasatch County,34787
 Utah,Washington County,180289
 Utah,Wayne County,2487
 Utah,Weber County,262218
 Vermont,Addison County,37360
 Vermont,Bennington County,37349
 Vermont,Caledonia County,30230
 Vermont,Chittenden County,168340
 Vermont,Essex County,5920
 Vermont,Franklin County,49951
 Vermont,Grand Isle County,7289
 Vermont,Lamoille County,25945
 Vermont,Orange County,29281
 Vermont,Orleans County,27396
 Vermont,Rutland County,60552
 Vermont,Washington County,59806
 Vermont,Windham County,45930
 Vermont,Windsor County,57733
 Virginia,Accomack County,33421
 Virginia,Albemarle County,112438
 Virginia,Alleghany County,15222
 Virginia,Amelia County,13260
 Virginia,Amherst County,31311
 Virginia,Appomattox County,16118
 Virginia,Arlington County,238646
 Virginia,Augusta County,77492
 Virginia,Bath County,4207
 Virginia,Bedford County,79483
 Virginia,Bland County,6272
 Virginia,Botetourt County,33592
 Virginia,Brunswick County,15851
 Virginia,Buchanan County,20346
 Virginia,Buckingham County,16832
 Virginia,Campbell County,55666
 Virginia,Caroline County,30887
 Virginia,Carroll County,29153
 Virginia,Charles City County,6771
 Virginia,Charlotte County,11530
 Virginia,Chesterfield County,364087
 Virginia,Clarke County,14788
 Virginia,Craig County,4896
 Virginia,Culpeper County,52546
 Virginia,Cumberland County,9689
 Virginia,Dickenson County,14130
 Virginia,Dinwiddie County,27936
 Virginia,Essex County,10599
 Virginia,Fairfax County,1150292
 Virginia,Fauquier County,72964
 Virginia,Floyd County,15476
 Virginia,Fluvanna County,27250
 Virginia,Franklin County,54457
 Virginia,Frederick County,91451
 Virginia,Giles County,16790
 Virginia,Gloucester County,38714
 Virginia,Goochland County,24746
 Virginia,Grayson County,15332
 Virginia,Greene County,20554
 Virginia,Greensville County,11400
 Virginia,Halifax County,34023
 Virginia,Hanover County,109976
 Virginia,Henrico County,334961
 Virginia,Henry County,50945
 Virginia,Highland County,2232
 Virginia,Isle of Wight County,38611
 Virginia,James City County,78252
 Virginia,King and Queen County,6607
 Virginia,King George County,26724
 Virginia,King William County,17813
 Virginia,Lancaster County,10925
 Virginia,Lee County,22172
 Virginia,Loudoun County,420955
 Virginia,Louisa County,37583
 Virginia,Lunenburg County,11939
 Virginia,Madison County,13840
 Virginia,Mathews County,8534
 Virginia,Mecklenburg County,30315
 Virginia,Middlesex County,10621
 Virginia,Montgomery County,99725
 Virginia,Nelson County,14770
 Virginia,New Kent County,22946
 Virginia,Northampton County,12280
 Virginia,Northumberland County,11835
 Virginia,Nottoway County,15646
 Virginia,Orange County,36183
 Virginia,Page County,23706
 Virginia,Patrick County,17606
 Virginia,Pittsylvania County,60509
 Virginia,Powhatan County,30342
 Virginia,Prince Edward County,21836
 Virginia,Prince George County,43006
 Virginia,Prince William County,482209
 Virginia,Pulaski County,33790
 Virginia,Rappahannock County,7351
 Virginia,Richmond County,8917
 Virginia,Roanoke County,96956
 Virginia,Rockbridge County,22658
 Virginia,Rockingham County,83765
 Virginia,Russell County,25781
 Virginia,Scott County,21566
 Virginia,Shenandoah County,44179
 Virginia,Smyth County,29793
 Virginia,Southampton County,17997
 Virginia,Spotsylvania County,140095
 Virginia,Stafford County,156937
 Virginia,Surry County,6558
 Virginia,Sussex County,10838
 Virginia,Tazewell County,40440
 Virginia,Warren County,40724
 Virginia,Washington County,53940
 Virginia,Westmoreland County,18471
 Virginia,Wise County,36118
 Virginia,Wythe County,28288
 Virginia,York County,70054
 Virginia,Alexandria city,159463
 Virginia,Bristol city,17222
 Virginia,Buena Vista city,6641
 Virginia,Charlottesville city,46513
 Virginia,Chesapeake city,249302
 Virginia,Colonial Heights city,18146
 Virginia,Covington city,5746
 Virginia,Danville city,42586
 Virginia,Emporia city,5751
 Virginia,Fairfax city,24147
 Virginia,Falls Church city,14657
 Virginia,Franklin city,8177
 Virginia,Fredericksburg city,27976
 Virginia,Galax city,6727
 Virginia,Hampton city,137154
 Virginia,Harrisonburg city,51811
 Virginia,Hopewell city,23032
 Virginia,Lexington city,7311
 Virginia,Lynchburg city,79017
 Virginia,Manassas city,42773
 Virginia,Manassas Park city,17218
 Virginia,Martinsville city,13482
 Virginia,Newport News city,186239
 Virginia,Norfolk city,238029
 Virginia,Norton city,3696
 Virginia,Petersburg city,33465
 Virginia,Poquoson city,12454
 Virginia,Portsmouth city,97945
 Virginia,Radford city,16063
 Virginia,Richmond city,226525
 Virginia,Roanoke city,100016
 Virginia,Salem city,25341
 Virginia,Staunton city,25751
 Virginia,Suffolk city,94406
 Virginia,Virginia Beach city,459444
 Virginia,Waynesboro city,22193
 Virginia,Williamsburg city,15416
 Virginia,Winchester city,28115
 Washington,Adams County,20610
 Washington,Asotin County,22288
 Washington,Benton County,206869
 Washington,Chelan County,79144
 Washington,Clallam County,77159
 Washington,Clark County,503308
 Washington,Columbia County,3954
 Washington,Cowlitz County,110736
 Washington,Douglas County,42933
 Washington,Ferry County,7179
 Washington,Franklin County,96747
 Washington,Garfield County,2287
 Washington,Grant County,99125
 Washington,Grays Harbor County,75639
 Washington,Island County,86859
 Washington,Jefferson County,32970
 Washington,King County,2269666
 Washington,Kitsap County,275618
 Washington,Kittitas County,46535
 Washington,Klickitat County,22735
 Washington,Lewis County,82151
 Washington,Lincoln County,10878
 Washington,Mason County,65718
 Washington,Okanogan County,42097
 Washington,Pacific County,23363
 Washington,Pend Oreille County,13401
 Washington,Pierce County,921162
 Washington,San Juan County,17786
 Washington,Skagit County,129518
 Washington,Skamania County,12036
 Washington,Snohomish County,827955
 Washington,Spokane County,539346
 Washington,Stevens County,46446
 Washington,Thurston County,294802
 Washington,Wahkiakum County,4424
 Washington,Walla Walla County,62587
 Washington,Whatcom County,226844
 Washington,Whitman County,47979
 Washington,Yakima County,256732
 West Virginia,Barbour County,15459
 West Virginia,Berkeley County,122070
 West Virginia,Boone County,21810
 West Virginia,Braxton County,12446
 West Virginia,Brooke County,22558
 West Virginia,Cabell County,94350
 West Virginia,Calhoun County,6224
 West Virginia,Clay County,8055
 West Virginia,Doddridge County,7810
 West Virginia,Fayette County,40499
 West Virginia,Gilmer County,7418
 West Virginia,Grant County,10980
 West Virginia,Greenbrier County,32983
 West Virginia,Hampshire County,23077
 West Virginia,Hancock County,29098
 West Virginia,Hardy County,14297
 West Virginia,Harrison County,65915
 West Virginia,Jackson County,27793
 West Virginia,Jefferson County,57703
 West Virginia,Kanawha County,180721
 West Virginia,Lewis County,17030
 West Virginia,Lincoln County,20460
 West Virginia,Logan County,32573
 West Virginia,McDowell County,19119
 West Virginia,Marion County,56210
 West Virginia,Marshall County,30617
 West Virginia,Mason County,25459
 West Virginia,Mercer County,59654
 West Virginia,Mineral County,26942
 West Virginia,Mingo County,23571
 West Virginia,Monongalia County,105823
 West Virginia,Monroe County,12379
 West Virginia,Morgan County,17064
 West Virginia,Nicholas County,24607
 West Virginia,Ohio County,42405
 West Virginia,Pendleton County,6141
 West Virginia,Pleasants County,7653
 West Virginia,Pocahontas County,7873
 West Virginia,Preston County,34215
 West Virginia,Putnam County,57436
 West Virginia,Raleigh County,74592
 West Virginia,Randolph County,27932
 West Virginia,Ritchie County,8445
 West Virginia,Roane County,14024
 West Virginia,Summers County,11967
 West Virginia,Taylor County,16706
 West Virginia,Tucker County,6764
 West Virginia,Tyler County,8305
 West Virginia,Upshur County,23818
 West Virginia,Wayne County,38980
 West Virginia,Webster County,8375
 West Virginia,Wetzel County,14458
 West Virginia,Wirt County,5196
 West Virginia,Wood County,84293
 West Virginia,Wyoming County,21384
 Wisconsin,Adams County,20651
 Wisconsin,Ashland County,16028
 Wisconsin,Barron County,46709
 Wisconsin,Bayfield County,16218
 Wisconsin,Brown County,268746
 Wisconsin,Buffalo County,13314
 Wisconsin,Burnett County,16524
 Wisconsin,Calumet County,52440
 Wisconsin,Chippewa County,66301
 Wisconsin,Clark County,34615
 Wisconsin,Columbia County,58476
 Wisconsin,Crawford County,16112
 Wisconsin,Dane County,561491
 Wisconsin,Dodge County,89386
 Wisconsin,Door County,30064
 Wisconsin,Douglas County,44290
 Wisconsin,Dunn County,45438
 Wisconsin,Eau Claire County,105696
 Wisconsin,Florence County,4558
 Wisconsin,Fond du Lac County,104144
 Wisconsin,Forest County,9178
 Wisconsin,Grant County,51938
 Wisconsin,Green County,37084
 Wisconsin,Green Lake County,19024
 Wisconsin,Iowa County,23716
 Wisconsin,Iron County,6131
 Wisconsin,Jackson County,21138
 Wisconsin,Jefferson County,86163
 Wisconsin,Juneau County,26720
 Wisconsin,Kenosha County,169152
 Wisconsin,Kewaunee County,20566
 Wisconsin,La Crosse County,120799
 Wisconsin,Lafayette County,16596
 Wisconsin,Langlade County,19493
 Wisconsin,Lincoln County,28416
 Wisconsin,Manitowoc County,81380
 Wisconsin,Marathon County,138062
 Wisconsin,Marinette County,41882
 Wisconsin,Marquette County,15580
 Wisconsin,Menominee County,4251
 Wisconsin,Milwaukee County,939486
 Wisconsin,Monroe County,46266
 Wisconsin,Oconto County,38963
 Wisconsin,Oneida County,37847
 Wisconsin,Outagamie County,190702
 Wisconsin,Ozaukee County,91506
 Wisconsin,Pepin County,7321
 Wisconsin,Pierce County,42204
 Wisconsin,Polk County,44969
 Wisconsin,Portage County,70375
 Wisconsin,Price County,14057
 Wisconsin,Racine County,198227
 Wisconsin,Richland County,17309
 Wisconsin,Rock County,163687
 Wisconsin,Rusk County,14191
 Wisconsin,St Croix County,93543
 Wisconsin,Sauk County,65772
 Wisconsin,Sawyer County,18075
 Wisconsin,Shawano County,40878
 Wisconsin,Sheboygan County,118033
 Wisconsin,Taylor County,19913
 Wisconsin,Trempealeau County,30755
 Wisconsin,Vernon County,30724
 Wisconsin,Vilas County,23044
 Wisconsin,Walworth County,105217
 Wisconsin,Washburn County,16629
 Wisconsin,Washington County,136763
 Wisconsin,Waukesha County,406980
 Wisconsin,Waupaca County,51817
 Wisconsin,Waushara County,24523
 Wisconsin,Winnebago County,171718
 Wisconsin,Wood County,74206
 Wyoming,Albany County,37071
 Wyoming,Big Horn County,11518
 Wyoming,Campbell County,47027
 Wyoming,Carbon County,14532
 Wyoming,Converse County,13755
 Wyoming,Crook County,7176
 Wyoming,Fremont County,39221
 Wyoming,Goshen County,12504
 Wyoming,Hot Springs County,4618
 Wyoming,Johnson County,8452
 Wyoming,Laramie County,100510
 Wyoming,Lincoln County,19581
 Wyoming,Natrona County,79964
 Wyoming,Niobrara County,2470
 Wyoming,Park County,29624
 Wyoming,Platte County,8601
 Wyoming,Sheridan County,30922
 Wyoming,Sublette County,8730
 Wyoming,Sweetwater County,42270
 Wyoming,Teton County,23327
 Wyoming,Uinta County,20448
 Wyoming,Washakie County,7685
 Wyoming,Weston County,6838
