Stem,Average Occurrence (Comedy),Average Occurrence (Thriller)
she,22.3460073281,17.1865737104
decid,0.898326041087,0.672781978328
talk,10.4663737036,8.02184203955
wit,0.40074920854,0.472074688251
razor,0.0439458253234,0.0542843697035
slam,0.0354123050125,0.058733029983
credit,0.476776429644,0.205415158163
rai,0.754102368573,0.73973676098
hugh,0.0439985524666,0.0591677582943
breez,0.0268736444109,0.019855676772
conscienc,0.0891112186906,0.097757249842
audienc,0.230636804912,0.0934137427861
cathi,0.00867046725203,0.134551078948
log,0.0440383343176,0.123391025198
met,1.73281544146,1.13575161428
chosen,0.114922370782,0.0441169317247
grip,0.13296509452,0.0697749880398
booz,0.0880462230225,0.0445301658124
bianca,0.133923869926,0.0
doubl,0.416251747634,0.289509091449
agent,0.505257871495,0.720549203005
exit,0.0619980575061,0.133297923908
carpent,0.0712377721499,0.188645052775
underground,0.0799601241399,0.0739005072086
clemenza,0.0,0.0875358368592
gain,0.141918495797,0.137566696943
neg,0.222350655825,0.167895283996
majesti,0.171386449151,0.0295092243562
studio,0.223999735988,0.14165744029
chri,0.044612383504,0.112814900536
spin,0.088302514892,0.0489200369318
greater,0.0889546740984,0.063944386702
eaten,0.0711743157689,0.0686001206726
vibrat,0.0713544663033,0.0343448199969
stupid,1.24231210429,0.957076890141
cigarett,0.470148478907,0.337707073707
jesu,1.600739029,1.68401120091
mani,2.35969366171,1.86219726155
violin,0.0803119162963,0.0295649949458
financi,0.271225431082,0.0737446337211
bai,0.0884260890861,0.283059652057
cop,0.45312282307,1.71765746391
neighbor,0.412509350858,0.209152112148
cd,0.0794839082302,0.0538372571369
england,0.21071713568,0.0688756043697
made,3.68506844116,2.5816985912
conni,0.0177379943624,0.0583374571712
instinct,0.0876296414973,0.0980114831927
took,1.92339986446,1.80475427393
jacquelin,0.0,0.313396133902
mace,0.00896140920297,0.0979750477485
disappear,0.248469030183,0.550581726441
waltz,0.0445431182312,0.0344514986887
behind,0.995936877888,1.09038139752
bourbon,0.0610568272122,0.0339668092643
favorit,0.506622925421,0.255364144195
benni,0.134201388606,0.0147076648028
manhattan,0.0974002808953,0.10773820742
nixon,0.0174427291339,0.0844705102509
lunch,0.777920753686,0.412060333507
principl,0.0705324116202,0.063695533618
tradit,0.223616422917,0.0695988053769
counterfeit,0.0439882900806,0.0253112158046
sophi,0.130839352992,0.0652517840333
third,0.59355120846,0.383922762672
exist,0.427748754439,0.398387240152
wouldv,0.273986127084,0.29552568264
hero,0.320273461743,0.201857784906
theyr,5.43673381196,4.61257846615
anytim,0.12364486074,0.127854344393
christin,0.133528805177,0.019453501086
vallei,0.0969609730441,0.107369658987
chess,0.00886819901077,0.116649050612
paid,0.645673160706,0.489847876448
burglar,0.044237068869,0.0644893958145
nostril,0.126649965269,0.00981465952755
rubber,0.090123922255,0.0738738219741
human,0.858735812125,0.922272289711
british,0.107762981149,0.118716386484
plissken,0.0,0.0735624681197
eddi,0.712676050227,0.346124259361
gee,0.547086458353,0.175284605902
offend,0.125646627348,0.078177862977
rebecca,0.0267655106645,0.00500964385101
anger,0.0793861828205,0.0542348192462
plant,0.256337487821,0.286172124501
famou,0.432594824179,0.132043190266
repres,0.274760143267,0.142213738994
latest,0.0882204760954,0.0588648089099
rent,0.573827149004,0.263905568733
dip,0.106872362976,0.0391035849138
bell,0.253475758258,0.147049834327
andi,0.627357847679,0.181149545421
so,29.4552504802,17.9698735285
london,0.220622389698,0.267034680077
cooler,0.0708429588317,0.0248065704581
keaton,0.0174789915966,0.157890898052
portland,0.0347862474036,0.0482547472889
headlin,0.0790988341792,0.0246453918645
whatta,0.0357149626375,0.0896697324713
fatal,0.0357512445586,0.0593793476472
sew,0.0177366217517,0.058603941304
cheer,0.274045309308,0.102473147402
davi,0.108203676156,0.089092113852
feed,0.300378108574,0.290631998346
hudson,0.15498598318,0.118883733472
ambros,0.0,0.128829801366
digest,0.0627921053581,0.024557530539
redi,0.0,0.101251058645
fri,0.158408731712,0.068888436361
staff,0.16078375708,0.192573846642
casino,0.0528172719694,0.0887844967637
occasion,0.106957363366,0.0490205869899
shadow,0.132585500868,0.137361312865
work,8.7058217444,7.00749275189
restrain,0.079974272564,0.0245491945432
face,1.92823824407,1.47145658675
exercis,0.160636646156,0.0937194810772
sidnei,0.0885519713347,0.31799148445
pile,0.0617880490702,0.108670029135
whyd,0.266898395485,0.225859033081
teenag,0.232346123185,0.0883240814339
her,16.4753038454,14.6178684688
retir,0.176534281666,0.319973586748
hazard,0.0262317352187,0.0443413556943
roth,0.0,0.111687284749
hurrican,0.0176861284885,0.0294411492233
impuls,0.150969961933,0.138356807674
ranger,0.062283768314,0.0587969114459
pour,0.186751736335,0.117191486696
lester,0.196304734593,0.00962044630936
slash,0.0708975652897,0.0445970681802
deer,0.0446237742084,0.107807691756
could,10.4605003664,9.127908189
vital,0.0623462285973,0.0391800658031
qualiti,0.168165790896,0.0740407353077
coma,0.0715282426964,0.0693410876834
incred,0.556606601721,0.157909392004
hank,0.192167442131,0.0531422621248
famili,1.74340771863,1.68419553304
duchess,0.185778178526,0.0
global,0.0448601633878,0.0542475959448
virgin,0.267767096791,0.137036585707
scientif,0.0618892538111,0.093157766954
between,0.983109444962,0.996009953993
holidai,0.246816944291,0.137699351268
qualifi,0.106627396056,0.0933446350495
moor,0.0175835756942,0.0642469610714
happili,0.105784714015,0.0587828176536
arizona,0.0882902395336,0.0297543045158
non,0.0613854014202,0.0591242265978
bruce,0.017381460887,0.289556268063
ankl,0.0621121847763,0.0541043370845
constant,0.0889702150609,0.0441953862629
buzz,0.690206716295,0.0444264102459
harder,0.132711986972,0.0931972345095
ing,0.00887404815299,0.0648313615361
christian,0.0795640475751,0.117131162143
palmer,0.00910323360561,0.0930440575901
tent,0.0704447674147,0.113552257382
sunset,0.0704370409879,0.0344688201933
damour,0.0,0.106878631683
cohaagen,0.0,0.0746964877239
advertis,0.0979489823089,0.0294670519042
sensat,0.105991547484,0.0347028503317
local,0.239707305041,0.289975888407
there,23.9314057333,23.0034295595
terri,0.0792514014103,0.0882797173746
sedat,0.0,0.0687589255719
rotten,0.140949999544,0.0540808094515
struck,0.0976818875001,0.08410489084
deck,0.179710693359,0.16809997838
past,0.735122331343,0.594055010145
bro,0.0896991802476,0.059313246798
ann,0.585562990741,0.0929670992541
dump,0.433804653059,0.34350432736
kane,0.0532371209353,0.0437088118531
slot,0.0536040250266,0.0588307296905
immun,0.026118153553,0.0643726165469
block,0.328213957575,0.308633124646
lil,0.0720118122594,0.0548190965982
technic,0.142166960247,0.132718816934
tactic,0.0355406946848,0.0885927079465
pencil,0.0703826437551,0.0683948720317
outsid,0.855701428627,0.933746331497
laboratori,0.0542458456144,0.0487688705088
easi,1.71046311072,1.20194116504
nephew,0.0879959775751,0.0350531601124
coffin,0.0803935511295,0.0587693439676
pretti,2.92518341403,1.95275070239
coward,0.13422242658,0.0697177927114
verbal,0.0439243215453,0.0690772678977
permiss,0.0884847099547,0.151954356351
bartend,0.0269225505636,0.0788485688623
wont,4.24064079262,4.1881870041
watch,2.79665250364,2.19297539687
lindenmey,0.0,0.0879605381606
cosmo,0.173011570999,0.0
capabl,0.150254308294,0.211204475004
flirt,0.0887590004873,0.0341326547907
huge,0.27593897346,0.14805942149
berkelei,0.0601469877731,0.0488983867216
max,0.143578121647,0.529622905438
walter,1.62965657579,0.220688293595
lime,0.0,0.115590990245
rico,0.00906829077785,0.134399996634
marvin,0.141736055731,0.0148301464617
aboard,0.0710638173563,0.197590501923
bacon,0.0353574988712,0.0787215712411
account,0.505361874224,0.471740390053
kirk,0.0624311522362,0.182552455582
quaid,0.0,0.133845446771
stunt,0.114046265361,0.0588020460746
closet,0.0709153448137,0.127240004187
due,0.275706041926,0.281209466901
nuclear,0.215427282791,0.178189174547
blind,0.292395900692,0.305309640167
pussi,0.151439474323,0.247416367089
howdi,0.0797256755912,0.0544786425599
snuff,0.008739718183,0.067932013841
eas,0.140711145052,0.079263795152
now,18.3252592905,14.3827731493
leak,0.0804954466468,0.128443305219
underwear,0.132851545029,0.0587103983687
westlei,0.323715067523,0.0
mayb,7.37033468181,6.10543244188
theo,0.00873949579832,0.175390522405
limo,0.088304032918,0.0296259514443
cousin,0.408448464229,0.108340689795
illeg,0.215219051527,0.122168342891
silli,0.519592748334,0.210927320845
against,1.04724960019,1.00117937851
done,2.77944262515,2.57172222003
district,0.0534460965926,0.137485998932
invad,0.053279104041,0.0590643156811
ryan,0.246335427375,0.140114540112
wait,5.78262776852,3.55775939488
grudg,0.0438913629124,0.0396684978247
charact,0.292895070852,0.201245326161
hick,0.0707328687636,0.0944256790308
jami,0.0,0.194869789698
lifetim,0.176939932018,0.0937449359197
lecktor,0.0,0.162308082101
and,91.5840908693,62.6894275209
republican,0.0,0.0646283793538
life,6.18861455252,3.86540452275
hidden,0.115030923817,0.166642070059
wire,0.273660860955,0.394607329704
paranoia,0.0174559297151,0.063813488583
network,0.236902259357,0.124286339878
messi,0.0529856080864,0.0446063549516
uthatu,0.156374662632,0.0354323337972
effort,0.195447908481,0.103392805662
carri,0.779288580293,0.844370809539
windham,0.134134954795,0.0
fun,1.52350536459,0.564683214841
psychologist,0.0703089856567,0.0786287415671
sean,0.0173483945339,0.226223845067
scent,0.0,0.0831380128922
answer,1.01669761314,1.51086199083
mom,2.19315590285,1.29503703937
wake,0.647279021956,0.559549491124
sign,1.08036187416,0.869601818509
ho,0.223459787883,0.0443730024621
relat,0.319437647254,0.142800213948
jame,0.259488866744,0.305834987905
fat,0.51566711723,0.309772487708
myself,2.46993687843,1.50158593973
disrupt,0.0441507561113,0.0393885646873
scan,0.0349794790994,0.163134825186
vagu,0.0441264688856,0.0391799185814
basket,0.0352921192713,0.0436974090025
christma,0.595917087537,0.358711414949
estim,0.0799522272817,0.0886926629617
em,1.80254127425,2.08720577903
union,0.141852255509,0.113112188636
involv,0.450456982612,0.778575468012
norman,0.0966482210654,0.106176209784
suspici,0.142212199447,0.112778761593
becom,0.936735354645,0.67214603917
shoe,0.922187168403,0.290312300714
librari,0.143613574157,0.147232580629
administr,0.0800934320062,0.0494566701464
ford,0.0869864227762,0.0534513187682
complic,0.327116299205,0.146725630589
stuck,0.540274977773,0.319397007575
justic,0.132332405753,0.256266771999
attack,0.64852783174,0.607902857646
releas,0.203877922382,0.216870098434
econom,0.0440317769121,0.0347490411746
hesit,0.0530032953212,0.0540388716612
autopsi,0.00867259607888,0.088738268064
jurisdict,0.0089238777175,0.0738198401932
four,1.67100625889,1.70507228338
factor,0.0976201849159,0.0738496780131
inquiri,0.0,0.0597475062679
lion,0.0177990490633,0.194885281511
meanwhil,0.097528968929,0.0388775245599
prison,0.374791514917,0.629393720875
blair,0.00884885352058,0.0754729369737
seri,0.249669690879,0.108103265327
groceri,0.07990105102,0.0586978073139
surgeri,0.0624788267271,0.0990837613947
season,0.265688802589,0.152783679807
christi,0.159339904076,0.0447529302202
clean,0.838308989875,0.818520850593
ow,0.844074723256,0.508858940706
wrestl,0.10597861527,0.0792777139032
en,0.0351921850616,0.0445752510749
moral,0.185969209253,0.112695779576
hungri,0.502111956515,0.379044472508
cole,0.307859143924,0.149821372436
surfer,0.0262257761537,0.039432558379
sixteen,0.256744782482,0.108539795762
angl,0.0709390370621,0.136817378056
shame,0.266181425552,0.182450765226
barrel,0.115091495647,0.0396080133608
major,1.42207439898,0.395853240928
ago,1.99241453896,1.86575578388
lott,0.169121008606,0.0
airplan,0.0441104969032,0.0591185759977
worth,0.732962190128,0.830492295364
train,0.795422453854,0.712418105642
easili,0.114953297598,0.131902866748
feller,0.061327240034,0.0546370416596
valentin,0.106413057134,0.137806953061
harvei,0.0181851133178,0.0799254790468
wherev,0.175265272118,0.19166475037
francisco,0.0971737423288,0.202676140653
true,1.87839100129,1.04480553362
dramat,0.0711616633602,0.0586094329872
boston,0.17685018057,0.10328080225
besid,0.884253554916,0.582554407525
inspector,0.0899620526618,0.170471526838
orlean,0.00879765801612,0.11818641851
opportun,0.311148764253,0.186088802575
nearli,0.142576079729,0.152293297397
lindsei,0.0,0.0882224192037
photograph,0.204564587066,0.221976952973
frame,0.179276994322,0.137303965336
at,20.8627368962,15.3924403365
psychopath,0.0267053156603,0.0835110433907
press,0.454693074953,0.451410509674
youyou,0.0615324985633,0.0196964554302
havana,0.0260524767136,0.0599392737127
australia,0.0438906703656,0.0345233072163
plai,4.47848781357,2.24350325719
mayfield,0.0,0.140376961946
chick,0.639965253795,0.0934964865949
stewart,0.139259923161,0.0296995335175
seven,0.779298061421,0.635016366626
reflect,0.0624282945071,0.0780781910093
outer,0.0362562848237,0.0740087346077
vega,0.414879598094,0.194568374824
anywai,2.10784094594,1.47617351517
prime,0.0358922971538,0.113790715506
farmer,0.16715483406,0.0343203793606
backyard,0.0704646381739,0.0390106133118
joe,1.09150053894,0.316520923072
otherwis,0.301179411998,0.255139472719
cowgirl,0.183041668645,0.0
grate,0.220216005821,0.132375470625
clerk,0.159363442981,0.0244670727568
dispos,0.0535619072058,0.0840659167769
tow,0.00928020369544,0.0639002131017
mari,1.72196135337,0.576833702619
certifi,0.044847560721,0.0245520526859
thi,48.926117007,36.0471471813
wheel,0.338476928192,0.188178574987
privaci,0.07904601832,0.0440414426672
todai,2.23486375949,1.35938379998
nathan,0.283661321056,0.019787251342
teller,0.0348080626502,0.0587905344131
plot,0.070553408098,0.108130880437
correct,0.389124856492,0.3161067253
couch,0.097368707141,0.0443480418439
job,3.38959186849,2.81852466713
hurt,1.68851212184,1.7364212538
inject,0.0524494536452,0.0739906992865
chocol,0.177634070419,0.127425709665
session,0.122894385069,0.0827791709808
outrag,0.0887604614476,0.0392562137206
reduc,0.0269134068363,0.0539564724432
knew,2.19436442673,2.68777398979
jd,0.117768558402,0.038807351644
perfum,0.0352847835694,0.0738561103029
fabric,0.0618287510059,0.0343005011022
bodyguard,0.0782935678734,0.146117151875
think,24.7052366961,17.9024329339
il,0.0,0.073842183143
yesterdai,0.625304801313,0.583953680789
side,1.09365223596,1.09658490655
doesnt,4.41238962224,3.5745458841
ronni,0.178602812943,0.00492906979738
blank,0.151863223507,0.0881316125278
jess,0.0179136066511,0.116164450668
push,0.398762388696,0.417030690146
ahh,0.159259149004,0.044566506883
jealou,0.159614084782,0.185569339972
alter,0.0535302648442,0.108288078515
blew,0.299829138939,0.191620387309
bu,0.554369479658,0.231488412445
off,7.05900291682,6.2284129204
sweetheart,0.405925620215,0.256208502906
abl,0.970212703506,0.865924953942
angelo,0.0528392557179,0.0689917308295
nicer,0.0800770494946,0.0393225111361
coupla,0.0358890368116,0.0888613698825
resum,0.0624640720257,0.0397799824125
coke,0.185427466086,0.173470197945
strangl,0.0621934874725,0.0639021574754
gut,0.195278933466,0.197098464725
morn,2.36468590338,1.84318703944
miracl,0.254009321316,0.15587683331
bit,1.40703945993,1.06144028947
intimid,0.0965618380645,0.0492210701815
pipelin,0.0,0.0742332491033
sour,0.0529395878432,0.0444083600739
shep,0.0351625225844,0.0793558439869
vivian,0.295319741613,0.0
grave,0.125093049891,0.165568298559
chemic,0.053711117886,0.11354099657
czech,0.0,0.116881319416
scholarship,0.0702437244773,0.0353006742627
oldfashion,0.0353412057347,0.0441949344808
accent,0.133141887877,0.0439839560764
spitz,0.0,0.0786921053311
dirti,0.45309909188,0.269837814534
shot,1.22159357337,1.53989315582
lit,0.0799363517552,0.0293528868833
cedar,0.182815356204,0.00995170809024
pirat,0.328730692086,0.0399558361493
weather,0.240789254786,0.412888148403
stun,0.0795770356353,0.00976502386371
learn,1.2886212214,1.04549548182
wick,0.0705925759152,0.0494804541912
bring,2.36052886887,1.6879133179
slack,0.0267645124705,0.0540923327368
brave,0.338362012732,0.113255749997
shakespear,0.2075833994,0.0146639397189
monkei,0.365542719443,0.073955231636
presum,0.0436807281789,0.0686943802028
vacat,0.294379084167,0.279849242107
faint,0.0614979735259,0.0634437403673
strap,0.0900861432741,0.0929998626711
stephen,0.0,0.00508454893369
maggi,0.218846849231,0.0148302899509
indic,0.0449830437036,0.211225832336
sundai,0.265404540537,0.180995200243
nois,0.274961409228,0.245675046644
organ,0.284681716402,0.314906194933
terranc,0.282488342769,0.0
foundat,0.0897498291838,0.039783140526
littl,10.3000858607,5.87093313416
perman,0.114148112764,0.0880931254352
insid,0.888427196328,1.34514298049
stabl,0.0450474437726,0.044453830251
sharp,0.141037790979,0.0880132534404
uptight,0.062791806635,0.0341273750371
wholl,0.0628549726235,0.0586375317061
jeffrei,0.347985540414,0.56330368985
root,0.0970943988238,0.054582570415
thy,0.177700311035,0.0445786831748
josi,0.303665348444,0.00964342074063
woman,2.34178784384,1.57941919866
post,0.330313420101,0.251335058339
judg,0.445263441294,0.303229083329
ralph,0.0888043273459,0.0440020375673
amaz,0.731097320562,0.271692452345
surf,0.0087107817653,0.0591678448929
naughti,0.0629748464397,0.0393145535068
norm,0.0805014592162,0.0697311175142
glove,0.115892130498,0.0685655191453
cigar,0.167543401058,0.058742403625
wendi,0.381346372788,0.0480346344145
corpor,0.0698120143279,0.236157343779
statement,0.131613771416,0.211401530236
defin,0.0887921147164,0.0442947860618
drawn,0.0710633045333,0.0537903308884
progress,0.222056135033,0.122709857523
year.1,6.89877719329,4.83197903564
shovel,0.0618996566671,0.068164334339
sequenc,0.0266987878147,0.0947300910102
andand,0.0618838434382,0.00999307503979
reel,0.0449155582935,0.0389036554102
held,0.240608108644,0.215309015975
youv,5.78324098624,3.79161597499
trick,0.478692853067,0.378147296715
horseman,0.0,0.0
whoa,0.382975546332,0.176974768334
emploi,0.11631236947,0.0495425210816
chain,0.133491020804,0.162956139332
cmon,0.783686601345,0.58176403096
brief,0.0708287998977,0.0689270821046
creativ,0.124500333069,0.0393189850412
moscow,0.248242339913,0.0437430917331
challeng,0.133279106187,0.0936310931124
walli,0.108236842664,0.0589086105235
golf,0.203438478371,0.0590512263351
abort,0.087930666954,0.113469724536
aha,0.126013917833,0.0243666539523
bent,0.0267446364677,0.0639114357216
exclus,0.0704399547179,0.0640358627024
amber,0.127092638251,0.0348030502838
figur,1.67306623682,1.50006502469
healthi,0.236497487877,0.0826895123054
ransom,0.0633792776566,0.0847176613838
steer,0.0630251767487,0.0494099334964
blow,0.683900453679,0.72874236176
bark,0.105697724789,0.0440566561795
imbecil,0.124870750014,0.00480745706317
mother,3.15269186735,2.18314528242
had,9.89975537966,8.6717117065
whatev,1.64451846153,1.30400178507
donit,0.0,0.0800479837094
goodby,0.980661577317,0.426636652877
terrifi,0.0615822107997,0.0542505112603
cash,0.470766395899,0.589529438291
descript,0.0175816201556,0.108241135736
spell,0.273968852031,0.107570064525
west,0.276401196262,0.304293733419
shoulda,0.124256914031,0.19155997411
when,13.5124374784,10.6608481804
wear,1.70873169992,0.820000667324
crop,0.0789770492396,0.0441998056663
trapper,0.0967631789205,0.0247176617123
donat,0.0530618460425,0.0392943947988
breath,0.568579385673,0.48261571767
bracelet,0.21666265349,0.00489062619369
lover,0.275776129841,0.0981287389265
afraid,1.56206228861,1.56159194194
vice,0.156798585644,0.11819952267
ms,0.268181393601,0.196724181302
didnt,10.4603984877,9.07237620016
kill,3.53820028476,7.53809077299
depth,0.0352685429361,0.0550575909768
si,0.0888099544131,0.0394309223611
experiment,0.0353647126577,0.0492666953804
dna,0.0,0.15376887622
desmond,0.0177333824232,0.0970433172671
coconut,0.133792347105,0.0195432780461
dil,0.0,0.219123727945
llewelyn,0.0,0.0728309208441
spoil,0.239953409522,0.0981142139165
lung,0.0799082867069,0.113166068699
attent,0.566054619472,0.348450540123
offens,0.267099680709,0.132772065657
babi,2.8496782316,1.42150311125
havin,0.0183878058251,0.0540821042688
mustnt,0.1150452301,0.0342144437165
creepi,0.0525992126103,0.0392076284209
daniel,0.322737573672,0.325301394409
abandon,0.123751706865,0.15285228858
less,0.557399882938,0.566926902791
go,36.8853237629,26.9424383932
negoti,0.0978097775251,0.202500800708
butcher,0.0539312500398,0.102703182703
sudden,0.282687231594,0.161655233168
templ,0.0181184568519,0.0730313027567
ii,0.728054682779,0.120464712662
alex,0.252690021149,0.0935221420662
deal,2.0904839945,2.15294542534
rememb,3.42526449271,3.32553502845
polic,0.593096894245,1.87944053552
gasolin,0.0628328375719,0.0295379861852
luggag,0.069783694176,0.0538639890968
smooth,0.106465606842,0.107709976936
declar,0.133497136809,0.0688884726604
chase,0.325698452306,0.338398151525
host,0.11573947705,0.0845935801641
uptown,0.0529523283487,0.0396307392432
heavi,0.25785197841,0.285319065476
tenni,0.0622290247543,0.0342522279362
picard,0.0,0.149601878571
success,0.425751037796,0.202093797223
as,13.5814581036,11.3386544223
heroin,0.0535634090414,0.0640069225204
hi,14.5417130779,12.2474908016
seduc,0.132935637665,0.0487722638961
den,0.0176529063815,0.0991406238608
accur,0.0444684559141,0.0792474635388
parasit,0.0969591657311,0.0841086226269
fiddl,0.0794122070996,0.0197482107526
altern,0.0715635005186,0.152366313514
chees,0.177484364862,0.0486976878851
flatter,0.168162712915,0.0836510380409
lloyd,0.68414178729,0.0582125710097
collector,0.0527146948791,0.0494671388882
athlet,0.0882297538061,0.0294891951742
useless,0.149811972761,0.0931211964078
yeh,0.291695312647,0.0150420723189
lawsuit,0.0440567818586,0.0585421108498
guitar,0.0965667379256,0.0251388989599
apart,1.11489105342,0.970269932202
strong,0.389991438575,0.353215025269
ditch,0.0360930001415,0.0835458118949
doc,0.525862251907,0.241273895643
wors,0.638806852578,0.658389876599
trigger,0.0534255577591,0.221234001567
mister,0.779257789091,0.59299147815
request,0.142196673999,0.241025275186
direct,0.559617816533,0.388367280584
telephon,0.290680640698,0.220875614519
expir,0.0438568098541,0.0394246184192
blond,0.328675056603,0.202320109009
energi,0.319259452088,0.177634245749
eh,0.875068050186,0.494045843751
damag,0.232260488754,0.281893975785
across,0.442646069731,0.474784229467
anni,0.327391327665,0.19293963534
eleven,0.283756114392,0.196232866392
episod,0.19690952133,0.0688705310534
reliant,0.0,0.0
jason,0.233899927588,0.414481613023
get,32.345948331,25.7452719338
duh,0.0623255998464,0.0296287151739
victori,0.0990050126279,0.0242392123707
speci,0.0715435517853,0.142609376716
includ,0.275032685532,0.309733081552
time,14.1201926988,10.9389794168
imagin,0.813538562927,0.569308833593
hang,0.909868072629,0.928193904036
estat,0.14055847316,0.107520986758
full,0.913336150108,0.733760302163
sleep,2.09083953416,1.55197735074
receiv,0.233149984117,0.246729046094
grei,0.0265003165804,0.0590639452716
belief,0.0800996766815,0.0785234350365
itali,0.123745993421,0.0687454295283
separ,0.186232107401,0.15686461707
claw,0.0349589047408,0.103388631603
circuit,0.10693442548,0.0492418876726
memo,0.044130845616,0.0445258237796
monei,4.82250768845,4.09648666669
anna,0.328296030113,0.121611110907
term,0.197170918324,0.186942918256
drunk,0.528445713148,0.351979540684
everydai,0.0719813920076,0.121666010987
haldeman,0.0,0.0896140100949
frozen,0.176968809029,0.0491834569307
castro,0.0439752951195,0.0541149019813
soup,0.221771103539,0.0591953294418
mornin,0.0708198508658,0.0394722750473
starship,0.0178374720675,0.103389846715
dawn,0.0804314117154,0.0786080608467
curtain,0.124805833057,0.0244155414218
pipe,0.132304827168,0.0883016492555
twist,0.203930123883,0.148267369195
downtown,0.159388021227,0.158000715275
drive,1.4455020731,1.58810189603
tank,0.135178989927,0.13291701482
servant,0.0706311402477,0.0590851039093
circumst,0.124442899779,0.161397071787
town,1.48606946165,1.2852746345
beat,0.860296332632,0.985988603202
wooden,0.0367223248629,0.0487813944799
thursdai,0.453966468196,0.0878466735754
ordinari,0.131719161413,0.137747309398
acid,0.0625776533972,0.103649793343
must,4.64762525697,3.15279448623
literatur,0.0439616647462,0.0244705441577
carol,0.113138385727,0.0149996320055
homework,0.188860712431,0.107353140235
present,0.679968072188,0.412594560222
lunat,0.116127552087,0.0884109587413
lifestyl,0.0356897296169,0.0348839714376
rat,0.203315166131,0.286409843206
satisfi,0.184457950951,0.162017414323
funni,1.86553116392,0.957227645891
gang,0.18455567901,0.0792994869094
jewelri,0.0978831016926,0.0829562430498
develop,0.159164147803,0.300215896613
yell,0.281620086022,0.11224796599
stash,0.0352249344475,0.0586705779392
ab,0.106198537819,0.0196183838618
mm,0.115867171872,0.107303338127
thumb,0.143165952832,0.0594233713321
to,150.328224036,117.160618227
lift,0.220256765955,0.191311977506
re,1.0315902013,0.528324493964
mud,0.0623928352278,0.0493522581514
taranski,0.0,0.144663828087
camel,0.0352356330627,0.0738195066055
cancer,0.169482033008,0.261160014488
valiant,0.2052451095,0.0148883805541
leavin,0.0,0.0691228280716
sand,0.123674896967,0.0640134535935
themselv,0.160712127836,0.260355214163
stai,3.12564574129,3.34697761654
junki,0.0266959020693,0.0635876927989
dinner,1.4813073459,0.808594970562
subject,0.413931244634,0.304898596602
ax,0.0536674948765,0.063795263176
thankyou,0.0780978591217,0.0341193530024
squad,0.106391145139,0.167422949723
charl,0.195044643166,0.114265650665
pretend,0.433920152824,0.293365213071
mumford,0.130701317172,0.0
player,0.487751625981,0.162438230938
sorri,7.2716132118,4.77400685899
feet,0.648332225719,0.457650000153
dee,0.0877928187414,0.024623595946
casual,0.0712874914936,0.0292480725529
check,1.83210090241,1.82888164257
fugit,0.00880421262312,0.0441532285524
garden,0.436781561845,0.0978794036452
million,1.57550972829,1.16715798396
suppos,3.21609553724,2.32742255655
observ,0.124673908862,0.152518326591
low,0.275121177407,0.300421597235
cathol,0.0984589114151,0.0680296751233
parad,0.132295121355,0.0197903022015
confus,0.43432857618,0.16728649865
appli,0.143085862094,0.0788638945053
uhura,0.0802686243037,0.0591877238584
sane,0.0357519154538,0.0737313322826
beverli,0.113729473401,0.0794754156609
princip,0.302074196316,0.039280511331
helen,0.0358292388895,0.205883475545
drain,0.0442688054305,0.0441708881453
want,26.6834780307,20.4323836761
maam,0.320365332665,0.279662393475
care,3.77469772798,3.03246309902
tomorrow,2.49180470412,1.71559928994
abus,0.133252537371,0.0740249923337
parent,0.964682105383,0.712563824457
diner,0.0523818238496,0.0390299814768
proud,0.525303268942,0.207016978605
squeez,0.141256618105,0.0933185782305
allerg,0.087351641843,0.0196703752568
displai,0.0445624941389,0.0888737360061
rave,0.0709632036897,0.0292568827411
da,0.306078634992,0.282325157159
tabl,0.73374094371,0.423511602782
kip,0.0,0.159543065105
string,0.151466758814,0.102771035049
ik,0.141855249592,0.0241106380144
microwav,0.0794010904656,0.0342553051071
tongu,0.114796203775,0.136797252315
miner,0.0890589165801,0.0247755545433
montana,0.0728678395019,0.0640119233689
ident,0.0889349341093,0.148220627198
gaston,0.152243150473,0.0
individu,0.167980579888,0.103198213839
treasur,0.176386460539,0.0441095381233
brown,0.176345890314,0.2765631834
delic,0.0972454054993,0.0436754258727
forbidden,0.0446640239997,0.0690395425606
blah,0.239361883812,0.0346758272623
although,0.21355352837,0.128355997037
cold,0.883229267813,0.681064405274
strategi,0.0791541719647,0.029570415847
psycholog,0.133125010204,0.122376037372
fill,0.477711716018,0.364563492661
profession,0.345253403419,0.2802233146
rig,0.080829203469,0.15756581695
theori,0.168050422901,0.415371195412
psychiatr,0.0,0.0936767106308
raw,0.114103991582,0.0642656286127
critic,0.123570246001,0.0787509934422
contribut,0.0264926807199,0.069282882888
fart,0.0903884994367,0.054177477898
bitter,0.141550099634,0.0446842185532
lemm,0.1613271002,0.163414994466
isol,0.05337616511,0.103589516639
drug,0.443032413708,0.784062894658
also,1.13276998836,0.933701224115
type,0.594925385851,0.461035781529
oblig,0.0795599912981,0.0882849338353
jen,0.0959264873218,0.0244679397738
feder,0.151779933086,0.658244428596
note,0.636211078957,0.42666637595
perhap,0.941178921508,0.780185514901
dwayn,0.121386541528,0.00989554700385
wolf,0.165266904771,0.0495045443957
central,0.151251512674,0.10846298886
annoi,0.0884127253062,0.0442557379922
cycl,0.0175944996786,0.0343806201444
accid,0.407484396029,0.841811263285
puzzl,0.0534427145268,0.0441822684636
invis,0.159441330818,0.0491996105989
ronald,0.0355167795158,0.0
mercuri,0.0178088272492,0.0049182565832
escap,0.2666326847,0.340193592145
damon,0.252330469601,0.0389070021719
acr,0.0,0.0786541841524
spy,0.17710041773,0.118539970761
gig,0.115598583392,0.0642683069156
armor,0.062816905064,0.0657469698781
gotten,0.564357093838,0.461838669223
swana,0.247360952163,0.0
scene,0.464484568184,0.339286023249
marla,0.0,0.104140913223
penetr,0.0982988214088,0.0696804337786
shock,0.328037821852,0.235088748133
sunk,0.0534493461764,0.0343661237128
iv,11.1426976942,7.42178206347
diari,0.070935984284,0.0927769084561
atlant,0.0983852324007,0.0245045440418
absenc,0.0267203347233,0.0591143812896
corps,0.0438705679959,0.0440475741707
relai,0.00872974627424,0.0544168525525
rip,0.25603134199,0.187837618933
bull,0.205436309367,0.0735311078795
requir,0.150857678552,0.142899715543
buck,0.931508968282,0.494854397289
complain,0.238929815175,0.0881110654126
russia,0.353959980641,0.0837553704544
arctic,0.0,0.0785400377388
schedul,0.204127336034,0.167760927306
casei,0.0,0.077895304188
temperatur,0.0351216025105,0.0687735855369
tree,0.283036733421,0.344415010343
unbeliev,0.149125583525,0.0980612525755
graduat,0.325085291505,0.0786176920631
place,3.91220745142,4.12198434623
communist,0.0179037588957,0.0541188964751
nine,0.630339497822,0.40733138774
vulner,0.0710198974181,0.0444415056426
hike,0.0614853322956,0.0490497117756
raymond,0.113847892326,0.0585053320809
laura,0.246310563627,0.178639547932
manifest,0.0445958843909,0.0197072182461
cellular,0.00897420824,0.0783711394343
repress,0.0714831022175,0.0294920995911
divid,0.0713578983765,0.0293578744256
lesson,0.338500499721,0.161874510062
crate,0.0183564794339,0.0697653992003
coin,0.115004866654,0.0636448912882
bachelor,0.228557639049,0.0051130247578
carl,0.0959532845883,0.452268386152
sport,0.405901431983,0.127130607299
simpli,0.185552137833,0.239875940453
politician,0.0709234345276,0.0538975731206
destroi,0.390994546181,0.630698105102
juno,0.0270206264324,0.00971362253645
castor,0.0,0.108054711666
liter,0.0891868854428,0.0738326613127
dwight,0.139823957009,0.0346391075019
malkovich,0.400808376475,0.0
cord,0.0178760450195,0.0589141267951
edmund,0.0,0.00516733552342
walk,2.07429873593,2.0695781586
cake,0.255351765364,0.0825440231236
protect,0.480697426172,0.855061195577
nearest,0.0174141372953,0.0588098221361
takin,0.0271373592937,0.0887835609712
comrad,0.58197001459,0.0147088461945
dai,6.91314701398,5.09296335065
tour,0.212867714022,0.158380310509
whose,0.364371318541,0.285032140765
partial,0.0533090822246,0.0644112732017
vada,0.491419102852,0.0
delight,0.177078061808,0.0740208893175
godfath,0.0358659560107,0.0732797597512
cheat,0.318702413228,0.161077997269
harmless,0.115331287056,0.0393539425583
romant,0.318305304471,0.0983501753724
pound,0.339429652579,0.234998256443
im,46.9267310087,30.5783759319
violat,0.141066967435,0.153217253452
chief,0.436432006267,0.697447996785
onlin,0.0179858330767,0.0496641230806
pleasur,0.629234247732,0.352295540298
crystal,0.0806740540432,0.0844741003477
luther,0.10594834903,0.059999091005
festiv,0.0628791920575,0.0394966477978
along,1.21713213924,0.874255824603
admir,0.497945139117,0.414769507133
owner,0.150969287281,0.123279416533
prove,0.337067437645,0.686165222552
giron,0.13637676186,0.0
lydia,0.305836612369,0.082334893717
dad,2.30464988603,1.80364283494
ultim,0.142739746518,0.0981563100847
hawkin,0.0547009352399,0.0147550265402
hei,6.54288991661,2.85606165729
father,2.56389646917,2.6897400408
rot,0.0711901477689,0.0737979880568
doll,0.238667155999,0.109405968488
fountain,0.0444714252052,0.0483469122477
williamson,0.0,0.0932800320369
horror,0.080432887338,0.112376400181
ell,0.142919593877,0.0
media,0.115555890335,0.122664887827
russian,0.283113299213,0.46922329513
carefulli,0.123762394518,0.230985687404
verifi,0.0437907444759,0.0697260750428
prepar,0.435512435598,0.354098935777
cia,0.0628640456747,0.241398577839
flew,0.114256892476,0.0979794259583
logic,0.123663345067,0.167652283843
affect,0.142878864016,0.0882851316263
skirt,0.0707568980705,0.0393540784487
nineteen,0.177222602328,0.0746677350176
breakdown,0.0529819181843,0.0538718209067
william,0.269701462607,0.326802526123
batteri,0.0789306145229,0.228304923668
shore,0.0616575095108,0.0843773311352
project,0.327690721069,0.285962707133
strength,0.202504988191,0.147706161946
bail,0.131889961982,0.154770296721
piti,0.160136177674,0.152963908704
harbor,0.0437904889206,0.108599311353
oper,0.505452701726,0.628866069655
yanke,0.133913551292,0.04879285298
orphan,0.044711175643,0.0343799719777
squar,0.283793144549,0.264314474422
gari,0.116029211142,0.176578998364
driven,0.0791170568597,0.0637717955927
nanci,0.0359217384452,0.137134483674
leonard,0.0796895029198,0.116503285178
nonsens,0.2388496699,0.142349929502
anybodi,1.43916404821,1.20580248299
strict,0.044780661681,0.048720100088
riddl,0.0179767877103,0.0684434875067
boulevard,0.06990222583,0.00966362592285
articl,0.247442281469,0.103174927274
shop,0.450135586392,0.259925242736
mexico,0.080134549643,0.395670843051
ruin,0.630861476155,0.329396527358
did,15.0023876827,13.2268852762
annett,0.0181676783824,0.00970991625197
piano,0.157760234805,0.0442731287795
chest,0.317133612302,0.142585852498
becker,0.0,0.129710674537
strip,0.160898115518,0.0944869083336
stroll,0.0617994521718,0.034475098552
philosophi,0.106473828356,0.0493652828708
footbal,0.22166016105,0.087605789788
whom,0.240394325028,0.147958020944
flight,0.274142554193,0.261632889889
refriger,0.106282684016,0.0343610111065
loretta,0.323998776445,0.0145661841688
geniu,0.267558342496,0.0930467303935
condit,0.195855833531,0.474595843833
for,45.4640981204,33.5516997936
anyon,1.78161399053,1.64722054814
ideal,0.114947470375,0.0494966603571
terribl,1.03514404587,0.464680247952
otho,0.180137509549,0.0
self,0.178348536252,0.178274515745
swore,0.0623740229693,0.0595361712061
ring,0.69030763897,0.480544948887
baron,0.17236763118,0.0200591732688
civilian,0.0612898564362,0.0885029274862
panick,0.0264603214855,0.073741865904
settl,0.444548303876,0.303017619248
spread,0.09883045527,0.118495633992
turn,2.74780378234,2.40048467384
blast,0.185624230965,0.0892881550797
growth,0.0871881271642,0.0248527689954
seal,0.115436356207,0.22752961831
box,0.381812259664,0.39252509094
locker,0.0621582679927,0.0640252612407
help,5.19495553842,4.65192583015
cast,0.151549979927,0.15785462644
jennif,0.0703862963956,0.122353218445
regan,0.0,0.123948507641
stole,0.354509250714,0.230685596863
yessir,0.0615889898568,0.102637421909
randi,0.0444103564335,0.117495723571
left,2.77310035878,2.56679491379
explain,0.987960342018,0.797442000212
inspect,0.142105794887,0.0400942248546
tribun,0.0870184483399,0.0344854911322
pop,0.4238250306,0.514503770601
bed,1.42024035656,0.972889824207
encourag,0.141328921837,0.0692986492839
bubbl,0.0624592737276,0.029828553307
contact,0.282306359373,0.531066031431
patrick,0.185437904464,0.223109076688
domino,0.0174835327694,0.127811869211
reliev,0.0883459103017,0.0695402595381
superman,0.178396832707,0.0146362313319
sector,0.0534108176731,0.173983316443
entranc,0.0892475818231,0.0884521088129
corner,0.440624524276,0.239667599658
mama,0.230322899783,0.489430239683
supposedli,0.0356818382019,0.0544596407038
yo,0.436688707268,0.114521244228
role,0.123876819474,0.0682416311155
wai,8.73610226149,8.16226307228
vicki,0.107595173294,0.087596600651
buddi,0.89864676503,0.434980235626
wizard,0.0273633549113,0.0391304686342
heal,0.0976192956758,0.162226581295
element,0.0987121069805,0.142889702959
here,22.705335622,19.8922134722
leather,0.0799259455196,0.0542794293918
hardli,0.354277336485,0.382869419998
their,3.82053680586,3.88965960114
sworn,0.0449122677428,0.0347371725978
africa,0.0536337784073,0.0787761683822
yearold,0.053331719042,0.0688044706843
sphere,0.10791499846,0.00997014301713
psych,0.0441554844863,0.0493838782326
behalf,0.0702199314728,0.0441819316187
moren,0.00895735577789,0.0838947384508
shelter,0.166901936943,0.0741569978074
dr,1.30385095144,1.30732702064
weight,0.249242403206,0.177487473029
ami,0.241360969513,0.0535532827544
pike,0.0527216181342,0.03432262796
gitt,0.0,0.260972813932
kinda,0.645494508383,0.471838000796
liber,0.0626801059328,0.0296772903109
badg,0.0624512257882,0.143199517372
last,5.15674308174,4.05847342527
from,12.3453784065,10.7492683209
uhhuh,0.72547928636,0.353849738164
afford,0.379372809074,0.279559871576
shag,0.134046502493,0.0
presenc,0.107246539505,0.0789346537767
jai,0.123984280509,0.0537446157125
hall,0.414286603125,0.289433140937
worst,0.389521557562,0.241224571805
agenc,0.141122484514,0.241332631343
threat,0.0807647558312,0.245846951585
jaw,0.0801929902993,0.0392456006729
hold,2.56103729412,1.85860816529
someplac,0.141630014547,0.171346851062
birth,0.141317164342,0.147089614493
junk,0.115890478261,0.098592337718
natali,0.0264062531469,0.0972193274329
graveyard,0.0529408929586,0.0645330242771
march,0.0793949986247,0.0932865680925
focu,0.194343595931,0.0945486129455
graviti,0.0264075560417,0.0544505847126
smoke,0.716384399899,0.65686062345
normal,0.49388183664,0.413010161312
congress,0.0181198807705,0.0591298759527
ash,0.0364916679636,0.0690321951146
predict,0.150712667683,0.069206129679
copper,0.0445572758699,0.0785947688464
court,0.644497545834,0.363273993353
wealth,0.0982034391539,0.0292945504886
it,127.071212025,96.2819700082
um,0.876143340237,0.172290972797
issu,0.409176038588,0.310334037693
misunderstand,0.0799038338507,0.0341442592
berlin,0.0449764850137,0.102328804355
structur,0.115931897876,0.0838306647805
hardwar,0.0621035694847,0.0774460536972
casanova,0.114591083456,0.0100891769858
worship,0.124654540068,0.04400266007
unhappi,0.150571420336,0.126374891486
spit,0.169446490073,0.0884081015855
quadrant,0.0179116525721,0.0592626253851
downstair,0.219343939382,0.186735868153
see,16.281062528,12.3771138407
gentlemen,0.432505168834,0.217783135648
intern,0.142285302559,0.271459349471
conrad,0.0347041716131,0.0346502982726
flame,0.0708737576799,0.0589902901286
within,0.213588645541,0.349602208811
drum,0.0981946356542,0.0492736668483
yet,2.10946918272,1.85012646886
differ,2.52440045597,1.85152494965
jacket,0.256282233303,0.295577997433
onto,0.220963429527,0.262366482186
prospect,0.10602757053,0.039056452794
nation,0.470848798077,0.333436141236
soft,0.389298143919,0.190300774748
girl,5.10581663734,3.34736628777
counter,0.124730175869,0.0930861141048
rug,0.302158721052,0.0540942390429
neutral,0.0535162227736,0.0989848210059
elli,0.165779693758,0.371241349848
transmiss,0.0716659737346,0.147640343643
integr,0.0445572045398,0.103368030235
cadillac,0.0536049623389,0.0341769417163
hose,0.0446063399083,0.0930743445338
lillian,0.0616183124834,0.0438566601157
clip,0.0530582256008,0.102941009137
stanlei,0.120050684306,0.0679713253916
marriag,0.57604710768,0.279368328475
built,0.38292298233,0.32986588517
paso,0.0179441384142,0.067933902821
subwai,0.0788915915533,0.0883920668602
whiskei,0.0787411576203,0.0884864986035
kyle,0.0998789671038,0.0496261313419
sai,17.3205636272,11.1369389645
barzini,0.0,0.0779094137715
virginia,0.0724954879408,0.0738364538071
lou,0.0800909889688,0.265952552434
slip,0.311182876495,0.295034748601
pageant,0.181693902232,0.0
tellin,0.0891025962276,0.133376242367
taylor,0.0708154354372,0.192509177627
proof,0.203535819777,0.291344924695
yank,0.0443444317509,0.0147975951154
yacht,0.220747332442,0.0346783060017
bless,0.256286386962,0.104061084672
brooklyn,0.105967088403,0.0784224746037
argu,0.143596475842,0.132267726429
pistol,0.0448053027368,0.0593084726828
bo,0.0624731270461,0.0445484165224
unnecessari,0.0525626060773,0.0297503135581
share,0.644848791565,0.359500966377
th,0.443538426097,0.285189038943
sabotag,0.0797644787876,0.0396936864662
china,0.230962035321,0.0887520774743
hojon,0.167136399954,0.0
intim,0.0609638634588,0.0589501423746
chop,0.114469804879,0.151765413874
comic,0.099014852237,0.0835293488771
compuls,0.071176597131,0.0392109663421
bingo,0.150316847665,0.0391296970182
make,13.0127338907,9.1067871852
vulcan,0.116225643248,0.18749153682
parri,0.161647173957,0.0
shouldnt,1.10399966564,0.915207906038
disconnect,0.0351219250164,0.029608927957
toon,0.196321409087,0.0
forc,0.418475750455,0.670894931834
annabel,0.197859922624,0.0
clown,0.0972773867881,0.0890062257703
sentenc,0.133151199227,0.142943860372
with,33.2519663931,24.590608897
cartoon,0.116062958511,0.019593178352
suspicion,0.115470202897,0.0740672692026
willi,0.0808888834862,0.181791314283
brook,0.195769141694,0.0247240955124
revers,0.0805750428677,0.0940347585731
luci,0.131894394862,0.00979512273018
visitor,0.0710012672832,0.0584600616554
wave,0.187237901214,0.142998690037
stick,0.858017747928,0.575480383148
cuban,0.0878911002869,0.108810143215
sweep,0.0794119201927,0.0446545667902
comment,0.158674334694,0.0490565524692
elimin,0.0270473811582,0.0787881526173
spencer,0.0949858644034,0.0098249568549
monica,0.087929017971,0.0295345739327
debat,0.0530107444074,0.0547682250178
coron,0.00862431116712,0.0739507323242
lie,0.851335116415,0.624239543914
ourselv,0.478752908295,0.310413733321
weapon,0.293367701323,0.563496208326
kate,0.315013791095,0.0591035389895
distant,0.0883746195666,0.0194099016052
grade,0.300217541471,0.108520029429
atf,0.00897544572001,0.0102429906542
balloon,0.0962165637203,0.0293478921406
southern,0.0971146548135,0.0295504873523
chang,2.36532383771,1.74188251872
oppos,0.11478383058,0.0443885313037
indict,0.0174635663645,0.0743893268348
respect,0.792557524676,0.455755278658
sure,9.03446071011,6.64422517371
jane,0.344223613112,0.228888139979
doubt,0.418342631437,0.524806716373
princ,0.24785640429,0.058416939588
admiss,0.0623581592644,0.0248272071689
ador,0.211499287071,0.0782374736708
jungl,0.0361222010406,0.119711980066
paint,0.469784398099,0.220269248075
south,0.362771856397,0.341711734513
event,0.256516991625,0.220683520971
taxi,0.140840420721,0.132002124157
voic,0.549883290383,0.461108417464
video,0.435249613661,0.162164281327
convert,0.124038802919,0.0397986010896
couldnt,2.01088891607,1.90906084331
citi,1.09653900735,0.917127834888
motiv,0.0893042086737,0.200334657938
rel,0.132453721131,0.152733271892
herself,0.31208372837,0.366213905485
curios,0.0694974848255,0.0587313717876
buffalo,0.0177931475358,0.0738329136395
terrorist,0.0639382050402,0.157935760909
write,1.80119714683,0.928350059622
school,2.88308856162,1.4360694062
wing,0.364515469068,0.187936389434
smack,0.0799131773064,0.0248829062555
marti,0.108426905778,0.239587085978
counti,0.0792154529812,0.148301057045
pud,0.217479577372,0.0100261887645
thatd,0.131791631063,0.141927709246
readi,1.7809249818,1.27715987374
manrai,0.126316409211,0.0
airlin,0.114250096453,0.0345223769888
romeo,0.226108930368,0.0489522413484
weekend,0.485190907789,0.312642302705
apolog,0.528063047243,0.293911833903
ladi,1.63560657172,0.7565605844
emili,0.0179176860595,0.039351684557
maker,0.0621833176662,0.0343118394533
dian,0.383884630432,0.0195550909681
barf,0.0360049123514,0.0197496703741
quest,0.0806641095393,0.0349382400768
crown,0.026291236144,0.0536713450844
expect,1.431722893,1.04829368202
gull,0.00865223395163,0.0672311139288
pump,0.24977141833,0.187624512853
depress,0.317994752781,0.136966905547
interrog,0.0440613273859,0.0737685072593
instant,0.0532293382932,0.0841529868418
barri,0.385136277682,0.0197092527747
book,1.63550377987,1.3821465432
ahm,0.210446522936,0.0
shutup,0.0539582617556,0.0344928701699
larri,0.363001191238,0.200078070612
seriou,1.40493478951,0.774300950816
hobbi,0.114644142807,0.0433939389528
unotu,0.0541037542527,0.0503745088195
kingdom,0.0889838439263,0.0443633234351
on,55.7918167693,46.1864614639
quarter,0.247420875478,0.266662839618
nicki,0.229301750993,0.0391101060544
pierr,0.0710733421436,0.0196242288833
dream,1.37589069712,1.23355555132
clarenc,0.491022713206,0.179983188949
buffi,0.254821154315,0.0
winner,0.204707839619,0.0344881843894
scatter,0.0453686288171,0.0444461164914
erik,0.220238792133,0.0
bike,0.106215447949,0.03930722953
bean,0.329964833309,0.049116913114
unabl,0.0265003498129,0.048955007929
women,1.53699652616,0.637367459009
maya,0.266275429091,0.0591233121372
tommi,0.242217834487,0.233072721054
seventyf,0.140545164985,0.0491069388769
curs,0.0797596394528,0.103374945618
maintain,0.106290466394,0.074250555995
genesi,0.0267562081012,0.0933866395218
background,0.123119570463,0.0932481383352
dude,1.91187597937,0.18830394726
satellit,0.0540397151604,0.182064812612
hour,2.11366668494,2.29905645301
extend,0.105454200983,0.0246361843616
transport,0.0529160169635,0.273414862889
hull,0.0172799329748,0.0647727181987
top,0.893569041243,0.657360090816
grief,0.0618741889347,0.0392845975612
evid,0.176404419221,0.570286086928
gradi,0.0,0.101149899212
onc,2.4668343339,1.90159221793
philadelphia,0.035079184971,0.0438343454931
honesti,0.0619094830105,0.0391441670166
super,0.115208787761,0.0642586686257
florida,0.132160172795,0.0994160515868
gentleman,0.329189731593,0.127100447693
cannot,0.392134500763,0.31025736065
too,9.41778086993,7.06147471824
fuss,0.0701481712022,0.0292465081915
hasnt,0.513413359457,0.588356592399
lookin,0.150928384463,0.196737966339
arrang,0.272595635611,0.35824670071
brill,0.0,0.0792349848545
sale,0.325770838692,0.171830427865
month,1.7460264101,1.46236859897
intact,0.0268011226393,0.0493233879261
foolish,0.114865464402,0.0982864791544
newspap,0.377078358545,0.192250510406
transit,0.0625263919137,0.0490947898907
roi,0.149759414209,0.275355679759
whew,0.10750150811,0.00972219081907
uwhatu,0.118661381476,0.0500277756753
main,0.330684178226,0.236871805876
bat,0.238787416035,0.200425517015
line,1.32450800018,1.24838707513
snake,0.115958816467,0.211562954659
bald,0.0448744685573,0.049540858425
cage,0.201588253596,0.127175892535
toward,0.301160766,0.202536474562
sold,0.326699690619,0.196613453245
till,0.854955262269,0.682925516232
mood,0.299665571932,0.14730785972
warn,0.45115832778,0.327930314343
johnni,0.50344177076,0.792059076762
mustv,0.1067212432,0.284478520428
scream,0.317100686094,0.294685803682
undress,0.0792663459532,0.0670388376139
absolut,0.988777849079,0.560872104629
flaw,0.0527332391303,0.0834603676709
bake,0.176062933418,0.0195886639081
mmm,0.303887320645,0.102604660491
jerri,0.326095919258,0.498439304702
employe,0.0974149871095,0.0991454391956
quot,0.186106161973,0.0833900709706
waitin,0.0979390094601,0.0835721263487
benefit,0.14309870587,0.103146794105
werent,1.03351315021,0.793958207701
fulfil,0.0886349285746,0.0148437267946
plastic,0.0876445356139,0.15273272882
tribe,0.0733520074697,0.0495666098595
yknow,0.413400128229,0.257500884235
hope,2.47703959889,1.71641303376
layer,0.0883130164501,0.0692102725136
tom,0.351249034044,1.00520940961
reaction,0.159947128453,0.112772783901
san,0.22128478498,0.414159355985
katrina,0.0,0.0
identifi,0.0353838831974,0.235444986218
red,0.922759182142,0.530409104852
exorc,0.0,0.079141059125
iron,0.133843724124,0.0982949435856
beer,0.434447061847,0.488287393984
santo,0.00896140920297,0.172353700438
bruis,0.0360513755461,0.0587828612195
stab,0.0797140937401,0.191111242826
louis,0.0868722255727,0.260450779444
agreement,0.0263244249199,0.0883661132399
coulda,0.150977332766,0.138479766397
film,0.774573036017,0.584993632879
rufu,0.0885548257348,0.0195591684902
soil,0.0805587938346,0.0447200528109
playin,0.0355416171032,0.04488355911
millionair,0.169301980269,0.0394559070881
middl,0.656602365903,0.525544813947
closer,0.247279995508,0.265894449535
spirit,0.309465200593,0.241668990918
accident,0.0262699820344,0.054122428446
yer,0.0723009863538,0.0298971269402
traffic,0.142591391682,0.181268201674
what,68.3487318208,55.2492552666
convict,0.0715657087124,0.196071009794
sack,0.132093249731,0.0490083461081
examin,0.177387947495,0.187226182976
compound,0.0446592414991,0.0708455127544
squid,0.0179532870567,0.0300169162906
gimm,0.294584670831,0.206609384648
fault,0.894203289997,0.449777976074
mysteri,0.435647856296,0.22531374697
sea,0.267102137002,0.267130643762
barbara,0.116371573321,0.0580540595741
surpris,1.01847812263,0.662028544771
rm,0.154912962164,0.0
hid,0.0358349647398,0.123820691803
sewer,0.0441010078305,0.0590439783689
kilomet,0.0263970785625,0.0840838930128
lisa,0.131186084837,0.302066601016
workshop,0.0807424927633,0.0147876140585
safeti,0.141355982251,0.170887672895
touch,1.11671357232,0.994995349978
jersei,0.170192986956,0.0838932674662
frequent,0.0615376458529,0.0343686462934
enjoi,0.816584273153,0.40132749858
loos,0.195059826401,0.403030650372
homeless,0.122772798687,0.0151859750212
ah,1.40498246418,0.520657508107
extens,0.0526597443099,0.0639461072681
termin,0.0538872244191,0.182807766512
level,0.327145245192,0.37982266908
violent,0.0808924927651,0.0980287140509
rush,0.299299989884,0.165988684655
coordin,0.035539475602,0.142431157468
earli,0.627440694356,0.574382360453
wa,33.4897957737,31.1265390184
dizzi,0.0796530296397,0.0489206500336
privat,0.665720336344,0.473320943709
gwen,0.0719433323067,0.0339479666582
suicid,0.332501956521,0.303378758763
headquart,0.0532945671072,0.0737300175187
educ,0.187318812279,0.0832249708037
sort,1.70044673632,0.871718683341
handsom,0.213073791752,0.0682863683709
stella,0.0266328839177,0.0291575824064
ac,0.142654482254,0.10378246592
audit,0.166834771627,0.0497825980411
antiqu,0.0442246656449,0.0391957679622
dot,0.0633917477569,0.0197598854523
technolog,0.0446363732832,0.152872926693
motion,0.107228946819,0.0644510242199
hairi,0.106753747828,0.0345645077045
site,0.0179246978167,0.133736266602
student,0.289990725934,0.215921084947
up,21.7590337748,17.9874770477
either,1.18161409606,1.08734456494
pry,0.0606686330441,0.0389332944829
conspiraci,0.0452764280286,0.132726554833
basi,0.124544628662,0.0537445856116
timer,0.00879769383481,0.0540649385987
heat,0.232267592854,0.221596080657
lawson,0.0,0.0
hear,3.62728056656,2.92133086888
ui,0.0902334751973,0.0443690388883
fool,0.789195534775,0.491660458223
mere,0.106990522839,0.108063629591
huh,4.86466346978,1.99579897498
donni,0.176323870213,0.068814617348
none,0.478440436904,0.657724058153
fifth,0.167642837221,0.0693594491865
becaus,7.06683296366,4.64253110076
lamb,0.0701692701428,0.0936878628485
interpret,0.0267785308797,0.0683883872573
increas,0.0536382185474,0.0740754630414
tower,0.177246601062,0.186308725308
mickei,0.14920754451,0.363886381101
colleagu,0.0619794302742,0.0736829308064
confer,0.116378020578,0.152721058804
hollow,0.0353680305379,0.0445630234376
leon,0.459035217296,0.333251348553
thou,0.161623340591,0.0247881189667
fran,0.356050515086,0.00482070173045
percent,0.28364073739,0.349944933833
six,1.57960243377,1.49599693345
limp,0.0621773833317,0.0449471935715
arrowai,0.0,0.0784269347812
explod,0.0796814860559,0.0443781679817
friendli,0.105242251737,0.132300118988
breakfast,0.422914337637,0.259894023506
greek,0.026137494128,0.108325435077
need,8.84025696519,7.82502911934
rome,0.13244314718,0.127230273131
beast,0.0801349171871,0.0834756505897
rehab,0.0447463679938,0.0298297134811
ben,0.917707016616,0.406251031479
land,0.712398839613,0.471321142238
river,0.158791666398,0.286197156953
frank,0.387496579414,0.916125834671
smash,0.203702398642,0.0738287413436
quicker,0.02631346055,0.0443811145508
former,0.142094242374,0.0843991377016
lower,0.230084700894,0.0886349638403
rap,0.0895662260865,0.0145757060995
nick,0.0530965009858,0.665319611109
came,2.80070026297,2.54961030759
hopeless,0.0875400211412,0.0392597947385
comedian,0.0790899484421,0.0394571999438
right,20.7145535127,14.3588102425
yall,0.178323552381,0.074637473837
truli,0.264638880814,0.133341981026
not,37.3447896903,28.1490213275
soze,0.0,0.118418173539
forgotten,0.266408094723,0.16257437652
tight,0.213824962633,0.330050545727
pro,0.16759312309,0.0936236274741
sona,0.0,0.0751148330873
under,1.22939091513,1.45052700559
precis,0.0621901426324,0.172930548621
center,0.284549934367,0.212560847545
stiff,0.149933912274,0.0839684028275
virtual,0.0272992849298,0.0537611236515
author,0.241960602376,0.301609477538
dry,0.204626302937,0.216125150963
theyll,1.14531581625,1.3414546946
golden,0.106869489167,0.0587945764645
final,1.07815453618,0.561426341646
properli,0.0882050880759,0.0442662082173
paper,1.04283989077,0.815774654805
older,0.388655085547,0.137995211171
serv,0.442204216882,0.281958525586
dant,0.212836776258,0.0145245179213
whistl,0.0879174073534,0.122709136221
suffer,0.213370347405,0.244536556504
confid,0.310720917634,0.196111079775
fraud,0.106995807602,0.0441673073308
brain,0.789795530308,0.6683569344
minu,0.0355924045219,0.0445562970738
twentyf,0.239158622372,0.118137809246
cut,1.49761482718,1.48787779157
atmospher,0.0976911152169,0.10873309239
bid,0.0349644770705,0.0934194312965
curv,0.0982954128041,0.0293216039541
pizza,0.149751141955,0.0638826668244
bench,0.0619732060313,0.0585435246121
tattoo,0.114594933038,0.0689386058927
poor,1.09943410772,0.603745467481
enid,0.191208356848,0.0146041104769
pink,0.142048079237,0.147765556201
bathroom,0.441076803812,0.298719496145
cramp,0.0797368920062,0.0194873422946
hill,0.247788470916,0.202109222571
sight,0.229411290473,0.235628845166
patrol,0.0730241656371,0.112899510402
niec,0.105239139362,0.00959324772961
calib,0.0361368186417,0.06387930046
hafta,0.0269653363985,0.0398508592775
journei,0.080128403421,0.0887424457127
poster,0.132169451239,0.0148654789962
thruster,0.0358233051442,0.0496109735703
dela,0.144361610527,0.0
celebr,0.343571769642,0.162590335158
myer,0.0,0.0725656310513
ruth,0.161291203796,0.0244956502866
suzi,0.0,0.163981442167
bunni,0.181550812712,0.0493862721007
male,0.276429752749,0.152719826134
margi,0.00879220582835,0.103771200252
bate,0.0,0.0958659720407
naw,0.251119363621,0.128999439669
than,4.64276118122,3.84114100861
msieu,0.445497422076,0.0
lone,0.246547370971,0.264337336979
mole,0.0177106367688,0.0842629672986
briefcas,0.0737324664864,0.0832617507968
rudi,0.0176825910068,0.112247688053
excel,0.503633281376,0.142686588587
madman,0.0265116789732,0.0640168916543
nazi,0.153387738434,0.0989303182101
flop,0.0989741992221,0.0244948979036
invent,0.194817881427,0.152060801322
signor,0.0,0.0836582329916
suggest,0.406643502341,0.432562056381
edward,0.200685151693,0.0988848184006
station,0.398693087573,0.589841427776
senat,0.0617685742536,0.152017280865
amen,0.0530018010457,0.0644474231719
hip,0.170502813638,0.0849799828914
price,0.354331811194,0.467978280063
awai,4.05982418405,3.70113100942
randal,0.0886819901076,0.074480537317
high,1.61154778885,0.811191078498
field,0.328349594045,0.409550903769
spiritu,0.0441071460948,0.0687977963899
tone,0.080072046851,0.0640520764169
citizen,0.171219627378,0.162434416732
stair,0.12242790253,0.151820023182
equal,0.107452286787,0.113286377549
nor,0.151864994978,0.12229743352
sixth,0.0349319039472,0.0787839125517
gettin,0.194909973359,0.282063390857
ground,0.357835760876,0.423370902276
control,0.735121847132,0.846632960242
awak,0.0699923050412,0.204234576678
oak,0.0889422746581,0.0345097093055
enterpris,0.0440143676252,0.361505939623
slightli,0.132649609922,0.0584672888584
lee,0.212418798064,0.262056572687
scope,0.0445728082678,0.0544032074699
holli,0.194386947824,0.234469721298
hunch,0.0624976846629,0.0685200452901
ethic,0.106066764938,0.0789216536939
nasti,0.249680127127,0.166003740664
fall,1.16016786035,0.760993310798
wednesdai,0.158965964283,0.097960663382
gulf,0.0276767879829,0.0593143923906
dont,47.1615915479,34.7741755137
pictur,1.60405529161,1.02873884766
awar,0.176501968524,0.211998891335
sponsor,0.0800255869524,0.00986761545003
seattl,0.201701798658,0.0634357401435
english,0.353779967061,0.33479221917
introduc,0.336679574068,0.176694690462
health,0.176194190909,0.167028922407
hallucin,0.0444555292959,0.0687918034723
quickli,0.318455373631,0.171747041329
jacob,0.0,0.126891372097
crew,0.178374037021,0.328477635997
cuervo,0.0087107817653,0.122513379711
alabama,0.0719843221993,0.0649992101565
teresa,0.0086399664874,0.150110131996
bain,0.0,0.0728599284084
precog,0.0,0.107575426696
brake,0.0529560781691,0.0297120897517
professor,0.38251813702,0.156273389503
somethin,0.276244906108,0.433952742541
formal,0.0982069816902,0.073475056859
unload,0.00885438921331,0.0588554159917
curiou,0.202187709649,0.249094247852
daddi,0.758636899574,0.84876410437
porch,0.053670253943,0.0440770939801
model,0.285663529143,0.14874148249
vehicl,0.0445233001427,0.212032625145
wisdom,0.0355081897581,0.0589502256301
find,5.07812113622,5.208459882
ruben,0.0,0.0790796129985
both,1.46782503624,1.46507365366
report,1.00100694282,1.06283753883
denver,0.114403376296,0.0342964669784
helicopt,0.0272048319265,0.0835959978189
complex,0.1252205819,0.1235041504
neednt,0.0792520351775,0.0585192916346
be,41.3433570834,29.8908377727
greet,0.115862639478,0.078784031798
spock,0.187293456709,0.290011850557
song,0.68300886356,0.22118470962
bibl,0.12435361096,0.103512675436
lipstick,0.124940777201,0.0436713103751
stroke,0.158151328049,0.0539017775065
persuad,0.0354908587605,0.0739170440941
recommend,0.158232211603,0.182133056872
deliveri,0.0984059767373,0.133595863759
hors,0.673802425011,0.274452043048
shut,2.14891828564,1.31220358577
zone,0.0890579388586,0.16833183434
bomb,0.495735627942,0.300295720467
linda,0.087107817653,0.0891738781295
tube,0.0882808718902,0.0788744416987
gross,0.168884879443,0.0243366492059
order,1.39378766612,1.17631045826
dillon,0.0,0.0774927984051
action,0.436460216951,0.343583808045
spot,0.44242184633,0.349625260324
resign,0.132343521147,0.069064716511
barn,0.152093071667,0.122522740948
bush,0.0973277438994,0.0832626295106
itu,0.0454753065112,0.0441934896585
cry,0.55631453386,0.33226075441
decemb,0.0176453626675,0.0445790485514
manufactur,0.0620957533741,0.0445255311981
satisfact,0.0445152169966,0.034622548878
fairi,0.106310219964,0.0737042965979
excit,0.83997683519,0.24531559782
extraordinari,0.11499583868,0.0492024473653
thoma,0.545339750371,0.146785949859
musician,0.0972632049962,0.029528323843
black,1.28067176174,0.71074033093
mmmmm,0.125411947324,0.00969063379896
fuel,0.0529750127161,0.13854597577
board,0.594853292226,0.359370469683
joei,0.239016510808,0.159281984694
detail,0.300036994519,0.26520788639
stewardess,0.0441924913196,0.00498261391035
hunt,0.185960771869,0.636532618243
mum,0.097108062566,0.0401621145875
preacher,0.00879665262913,0.0646507049588
shown,0.0891862485228,0.0936321056852
bread,0.158885999573,0.0690051269092
mind,3.48611328651,2.68234565479
saint,0.10721080885,0.0969816169157
oclock,0.599728189735,0.372924690189
sail,0.0989475921428,0.225938495289
stranger,0.211255455666,0.175787086518
smile,0.460262005852,0.210550484133
product,0.365114671027,0.206752689702
rubi,0.0526902766389,0.178415517802
disabl,0.0627334568977,0.0395413238334
question,1.87226148566,2.16914332196
philip,0.00868587475333,0.0682130707104
exampl,0.284508070025,0.093257859344
freddi,0.00899291653834,0.444898868732
stori,2.68896901466,1.50354659253
chariti,0.106338595248,0.0245301617498
franklin,0.0964573504946,0.0242759721382
routin,0.124302565409,0.157668126807
engin,0.151329473742,0.401353251486
lax,0.0273440537775,0.0488790483225
blade,0.0527236208828,0.238000334963
chew,0.14017164661,0.0932177564365
buljanoff,0.176686394402,0.0
counselor,0.108072629973,0.148012979049
houston,0.0089238777175,0.0890559683734
alright,1.4899796702,1.65770060524
support,0.39869455594,0.23187509325
wheelchair,0.105115713082,0.0245080998837
goe,1.27514200395,1.11172087544
rachel,0.197859922624,0.336891566932
stuff,2.81934835902,1.52159505968
neck,0.30921034792,0.334390387229
have,44.9369477583,31.980262149
divis,0.0441265483483,0.0593217316089
anniversari,0.193716315229,0.0683001988295
diamond,0.151614600009,0.0732851441088
sparazza,0.0,0.113469571415
try,5.5860070363,4.65754460256
appar,0.212304325016,0.26126713161
joker,0.0624501018977,0.0583401374875
dentist,0.123594366106,0.0441521056743
section,0.143192996583,0.128386411917
gallagh,0.355717759035,0.0
slept,0.246529119442,0.112536410513
bank,0.390749368061,0.94575278192
hurri,0.647684693565,0.490189481666
dure,0.347337009846,0.338603475124
sunni,0.0530309018249,0.0441742496789
ink,0.107024719452,0.0294979827046
vein,0.0530284116449,0.0443036506972
immigr,0.0552563031109,0.0633102948877
concentr,0.23903002145,0.177242355107
kat,0.230688865038,0.0390856476571
eager,0.0702882207068,0.0246571015591
don,0.855599226041,0.718567110335
somewher,0.830118828907,1.04501433694
religi,0.0712318390767,0.107748597441
pierc,0.114463720543,0.0346911816411
bureau,0.052648803648,0.202314348327
theyd,0.450869531579,0.506434578479
mueller,0.0,0.0
familiar,0.230811458117,0.215935001468
bonu,0.0705571058427,0.0340667112573
austrian,0.0,0.123468893426
violenc,0.0624447685368,0.132968208274
produc,0.415318912683,0.153840540992
tonight,3.17756217526,1.96250737258
royal,0.161404741796,0.0834338767605
breakin,0.0,0.0941085686947
map,0.150777109451,0.279653551405
sayin,0.0531704659696,0.158388573548
discuss,0.575734850128,0.367996733618
hed,0.65160878149,0.783588727259
strictli,0.0708828821033,0.0634546669462
led,0.142206749258,0.117679027698
mile,1.4051557856,0.717244611643
thisll,0.11599097201,0.0691054183801
dammit,0.239511292741,0.0931201920268
leav,4.47411990346,3.8618312509
dummi,0.081312138583,0.0246078551868
reactor,0.0893652139704,0.0547132096929
sauc,0.115354127135,0.044451542751
rice,0.0705622879357,0.0443440250084
coupl,1.59159392593,1.23239602864
clever,0.204072448204,0.221502374188
choic,0.653351900406,0.703102681337
chrissak,0.185919622363,0.094673018607
director,0.239834860169,0.201440640045
kastl,0.0,0.0
borg,0.0,0.149557224908
fax,0.0530605546025,0.0740732563697
brought,0.954279366226,0.715056698184
disturb,0.273289296318,0.175996503016
poison,0.202746025308,0.137602002693
grissom,0.00891873603374,0.0734868510748
shake,0.32756289454,0.240496458825
corrupt,0.0711587694308,0.0690396305172
stall,0.0532877283536,0.0833689270714
sarah,0.178592623686,0.25593651489
starter,0.0355205097642,0.0540515612041
alik,0.035299018205,0.0541369021909
quiet,0.460290286114,0.462009538201
entertain,0.347333828251,0.0687936815167
demonstr,0.0442492036318,0.0783939350892
oxygen,0.0617152459915,0.113583735054
asham,0.194137645562,0.0591023985025
undercov,0.0717841320951,0.0702209326515
beef,0.194366775889,0.0735324571526
nice,5.05262437816,2.18436973949
televis,0.485616563392,0.202592359666
oscar,0.108037895471,0.0147199459747
tourist,0.0615291868134,0.0687605941231
practic,0.780408842875,0.425824939056
mount,0.0626745899338,0.0492313310528
swedish,0.0447620631016,0.0351112187553
compani,0.939192116489,0.713289537077
twenti,1.20543699324,0.874802396855
shall,0.982749245704,0.412113038297
sherman,0.0712683084882,0.0535314765945
daryl,0.0,0.108453280149
forev,0.493474621763,0.284981825231
crowd,0.369632025955,0.197009418778
tap,0.0718386690392,0.142042728562
fix,0.704366081952,0.603058415187
store,1.05980354705,0.48001789489
grail,0.296230229723,0.108358971382
vietnam,0.0638885176932,0.0890255870806
candl,0.106251729479,0.0197959478245
whoop,0.162387515231,0.00979084852816
taken,0.710918411946,0.814169440714
end,1.93285270155,1.6714642271
eleph,0.0897682271497,0.01974786255
prefer,0.398090494107,0.206160054101
brian,0.0262616219078,0.0878112748169
lamar,0.0,0.117288039729
ma,0.514414530737,0.163398809025
victoria,0.186219939498,0.0346024437749
surviv,0.185977686551,0.378626221618
three,3.2244009968,3.04234692764
bobbi,0.184865386776,0.589496941817
stage,0.21320878712,0.0933654533422
steed,0.0,0.0838855556011
macfarlan,0.0,0.145802273727
spider,0.0354380086296,0.044766401402
trial,0.169314574716,0.284594608672
suprem,0.062571201927,0.0297435586603
awfulli,0.149743486356,0.0881345857901
foot,0.310019735644,0.270330605604
ar,33.0983370362,24.237716748
thrown,0.115665470866,0.117873981039
ask,5.7812862684,4.8493313919
cap,0.106843599827,0.128170503965
strang,0.661288069544,0.600519264077
phoenix,0.0176321701626,0.0773722461563
boot,0.178029174837,0.138470238779
georgia,0.0610257978306,0.0348261249804
replac,0.196574893185,0.216749770125
reckon,0.0710508535472,0.103555483087
divorc,0.646116954276,0.245952666015
arrest,0.2923069217,0.546779427083
horni,0.0623992237495,0.0242123135147
grandfath,0.393581627883,0.0641745122385
problem,2.46617693694,2.0291661411
bust,0.239325689134,0.403842454805
pari,0.459735409813,0.205383909695
roommat,0.123231308283,0.059473263843
consum,0.0531651919566,0.0444145421336
ag,0.761812024613,0.406932189528
been,11.5222519202,9.92638899056
spaghetti,0.1068677562,0.0291909210821
minimum,0.026298002226,0.064081710331
car,3.30187599346,3.14499820279
recruit,0.0267805033642,0.0693061446325
farm,0.203185654981,0.137674837189
dave,0.261297190094,0.285727297467
tape,0.872610331015,0.724483504989
regular,0.255584458898,0.185509842282
decor,0.106660574815,0.0246512111571
shirt,0.292069879369,0.152058504011
multipl,0.0349244659063,0.0498684860555
mechan,0.0972319595772,0.127565682732
effici,0.0618266582365,0.0147149448147
all,29.9115768968,21.2735132132
thiev,0.0705473165625,0.0701192116537
pose,0.106449288918,0.0987759545417
silenc,0.115418321511,0.103050478394
lenni,0.0260459693078,0.361565766302
radiat,0.0532029654862,0.173426337609
doesn,0.0528003341664,0.0443708589571
worri,3.20577405146,2.08695131413
garrison,0.0539205652422,0.162568079275
bound,0.0975129957035,0.0687987832236
superior,0.0890751437678,0.0932915545118
cure,0.0811253140735,0.16241936694
belli,0.106310275544,0.0839711687731
mmmm,0.0708229034948,0.0781901626292
of,75.0913007107,56.5488101127
bride,0.265500958708,0.00495590905715
hole,0.532218061995,0.387951144851
toler,0.036120169333,0.0637519626631
content,0.035454762677,0.0685642708514
applic,0.0803083020052,0.054428120746
frequenc,0.0267562081012,0.0937904089278
sore,0.192331003584,0.0730880081661
ranch,0.127636901597,0.0690363419157
fair,0.796484125245,0.347853117835
nowher,0.238662406941,0.216533009981
monitor,0.035208689547,0.173531985522
peanut,0.0619104967572,0.112997068716
presid,1.61095954903,0.962057697088
cooper,0.186372476445,0.27152563207
speech,0.712285478879,0.132764326286
canyon,0.0531193000386,0.0882222317971
humili,0.256713311114,0.053863833896
primari,0.0977018907328,0.0694115259137
anchor,0.0965949045447,0.0293371711502
everi,3.68508270987,2.56635302701
fiance,0.0978143842805,0.049128435422
temporari,0.0959796176892,0.0787442655336
nyah,0.0,0.094224869801
greenleaf,0.0,0.103342523107
marvel,0.221483155242,0.0246534842504
enough,3.28039924271,2.69118313466
extra,0.389782506579,0.222352506955
breast,0.170222601829,0.0727541365535
properti,0.27454580165,0.181185874584
social,0.444048321287,0.138100736429
hug,0.195521935818,0.00971696930644
tempt,0.0527881114341,0.0295232334341
dracula,0.161355069566,0.00997515312214
richard,0.237212053733,0.192286933114
rob,0.928350779591,0.157070389328
guinea,0.0530704524218,0.0442920014882
wanna,1.87967982377,1.14378256672
hate,2.25668802003,1.37515471624
dash,0.0447909716322,0.0490966377115
pull,1.19750686713,1.51732882905
lab,0.160498144393,0.168045062162
disast,0.168802399553,0.0643225445692
lobbi,0.132046594481,0.0941372019143
plug,0.0893374310056,0.0835669635019
rear,0.107182051294,0.0392603526304
conveni,0.115702922723,0.0832886140932
bounti,0.0,0.057915070596
auggi,0.383565978693,0.00483282988762
thee,0.08066438466,0.0345234308352
proposit,0.0885438246454,0.0392474264648
jeep,0.0091093814575,0.0731916166843
pee,0.13324534306,0.0783769520441
josephin,0.185667205571,0.0
gestur,0.0884997240713,0.0244665690356
profil,0.0699905217641,0.138379868314
mimi,0.00868587475333,0.0048214789831
infect,0.0527852465457,0.0890399156025
coincid,0.0526859096756,0.152999661958
mel,0.0439729264708,0.0584184412451
knock,0.752692012487,0.407145617574
search,0.257764891056,0.451034260565
pan,0.0441423194392,0.0737189549732
if,23.7257546876,19.8576720878
odd,0.336173907861,0.290109716787
jenni,0.0262910009675,0.177273173368
howd,0.674692833557,0.636715431166
simon,0.147812105953,0.487913104394
dodg,0.0177308453708,0.123200356576
outfit,0.247736856442,0.0696052341182
floor,0.539289600445,0.610593307307
uhh,0.151350260405,0.0
nah,0.310308620562,0.231510442995
jimmi,0.214470493581,0.705374062962
chuck,0.0454782198213,0.0586591107859
rich,0.610559948467,0.392248732554
emot,0.246340988725,0.24221213228
destruct,0.0265315828011,0.13331629127
blue,0.681601921559,0.59804715164
game,1.66408970829,1.36337031338
peculiar,0.0881832948056,0.0584812450245
internet,0.0360414068338,0.0788369135733
paranoid,0.0616331002144,0.132637467126
paradis,0.00871740860665,0.0885923150177
deposit,0.0969608807366,0.161725247786
look,18.3243385932,12.9089855696
count,0.752668433032,0.585581488478
ooz,0.0445200716498,0.0244743876593
gale,0.123380949039,0.268758404016
plumb,0.017500711754,0.0346685786173
shouldv,0.132349840547,0.181497660522
giant,0.160221372888,0.0544764897021
sooz,0.0,0.0
gino,0.0,0.14967526658
waitress,0.131239211984,0.0835215469021
conceiv,0.0722814591904,0.0540274831098
messag,0.682182830558,0.629972587897
door,1.41218532662,1.54056623944
mondai,0.238400912789,0.136686238904
mayor,0.134244627335,0.0639912865214
fanci,0.176854799052,0.181373967332
cuba,0.0435814716202,0.114066837004
most,2.77651583879,1.65885669881
barrier,0.0,0.0639916826995
eject,0.0532746303579,0.0247299660793
grew,0.185940688813,0.157742197812
alic,0.0270189401859,0.204081896898
jazz,0.0618734512411,0.0692548555707
thread,0.044238710388,0.0489898715506
commun,0.534016773174,0.375939195238
treati,0.044012888065,0.0493913303501
lieuten,0.194971893387,0.345765465852
tran,0.0443428603614,0.132219303131
mackelwai,0.0,0.0
colonel,0.377490129725,0.163600572547
vincent,0.104912436897,0.235711049736
pant,0.45781916395,0.142350825527
simpl,0.619932998656,0.534345249396
shave,0.159260117335,0.043872860853
snoop,0.0712691816127,0.0589292708239
flower,0.483993152711,0.186886660697
barton,0.0,0.217564544366
trailer,0.0533406346857,0.11693836525
towel,0.0885395142314,0.0440734352599
sheldon,0.0173044679033,0.0
comput,0.526129075168,0.679823037648
medic,0.310188340596,0.29979119311
hit,1.87712570284,1.31392265776
grow,0.646259418666,0.378059796909
ventur,0.0527842549491,0.0494287758203
mistaken,0.0539569179092,0.0788491964603
difficulti,0.0445940588002,0.0542823765745
thirtyf,0.0798153910552,0.078678669131
pm,0.0264723440707,0.0439630329769
peter,0.702039810297,0.629471820058
orang,0.19555571753,0.0888374807243
kei,0.781696976027,0.704169015879
earl,0.0359969573989,0.0640314518664
ex,0.16001896557,0.0592996508456
vault,0.00883431972011,0.07884523898
doe,5.11691115246,3.61423494461
music,0.841485263349,0.305557797668
romanc,0.123976045802,0.0248870545577
blanket,0.0886887036011,0.0585811039936
colleg,0.743180212665,0.270240581247
fog,0.0441964780302,0.117287846896
bad,3.95907978521,3.26382821199
novel,0.290753159658,0.0399348023915
kidnap,0.270629443081,0.181387077496
consult,0.0977947317812,0.0844084099991
recogn,0.398071749828,0.348040881091
laugh,0.858463113732,0.454034842563
shooter,0.0177234837764,0.0834958283907
galaxi,0.0707325345574,0.054421680898
paulin,0.0454282265934,0.0553101621302
procedur,0.0268918743613,0.129349877506
seed,0.0703623063278,0.0491794408142
radioact,0.0176782607761,0.054527393347
ars,0.0351800666984,0.0541810810081
total,1.25039331484,0.561793557797
theater,0.255727876967,0.0990912971589
cute,0.574142351249,0.19322289716
iraq,0.00928020369544,0.0393629622301
net,0.0267401314011,0.157865699338
laplant,0.255107084851,0.0
waiter,0.184822226143,0.0443257773898
print,0.176669984692,0.417962426216
milo,0.00917999168093,0.161430145155
judgment,0.0623936100964,0.0440106972672
act,1.64301131421,0.972733241876
gone,1.88708297956,1.73287875245
lecter,0.0,0.142893887492
draft,0.142343068143,0.0542468732037
build,0.884952833875,1.00342956073
vow,0.141520198684,0.0201743038825
steam,0.124807799221,0.0878436402445
veteran,0.0442734145972,0.0342105179772
eighth,0.12488362956,0.00978947990701
insect,0.10641955206,0.0149501683771
entir,0.70785480152,0.467807675467
hon,0.142695998773,0.171058510965
okai,10.2073159784,7.09581336359
fourteen,0.187426567868,0.0637380985129
meet,3.09731700783,2.16145996141
tens,0.071342830887,0.0540904937774
doin,0.442991557059,0.555970475875
hat,0.544538099645,0.11714720686
sub,0.0441479008927,0.0942313121537
counsel,0.070649790266,0.0592719136899
channel,0.160365344193,0.13767512288
close,1.84006308794,1.76240323518
daylight,0.0361114367185,0.0886706395195
loser,0.451850453513,0.123012457619
tend,0.0798025629519,0.103281822603
judgement,0.0526628656367,0.0488351741402
accus,0.0527459364406,0.185920117608
coast,0.167684793087,0.161877080734
everywher,0.220999454121,0.230433485478
welli,0.124759224596,0.0050145189234
yep,0.320341139366,0.176399380265
label,0.150488826528,0.048921823785
chines,0.133109087003,0.10815827942
kim,0.0622036517441,0.0391298287961
rather,0.964163378482,0.504142703554
publish,0.195117808922,0.118098405954
neat,0.124555193169,0.0533494214399
askin,0.0267625889937,0.0939582756134
pearl,0.0531034414286,0.185496524604
bond,0.107002487235,0.318885253444
labor,0.141390260631,0.0540774777336
cover,0.734957000907,0.792248250054
forget,2.49059903956,1.42739374462
warrior,0.0539800416755,0.128037753531
asid,0.132925861838,0.113156063561
favor,0.592540201624,0.53928253989
sheep,0.0710749605252,0.0393819967953
crook,0.205526847128,0.0934707027803
imag,0.258015151022,0.166836212798
wimp,0.0796984703838,0.0199268369005
coach,0.10622810462,0.0294528732215
seller,0.0639964061468,0.0243688936885
impact,0.0798225475443,0.0593493130564
shoot,0.95358860197,1.32176107209
soda,0.114786526158,0.0389600948155
mitch,0.0179195852591,0.293305406306
western,0.0981020331605,0.0489577016101
gift,0.541447846258,0.225515343041
shred,0.0354511164639,0.0540371172193
compromis,0.0717694388836,0.0836109834362
fridai,0.364239401544,0.272328086939
scout,0.16036212007,0.0642864382929
steve,0.133853103587,0.0588449862313
solar,0.053515569311,0.0545447319756
evan,0.00858773070429,0.244694329767
rule,0.594056189172,0.540676104775
dylan,0.0263904175315,0.140872410545
han,0.0360797362121,0.0840778290941
faith,0.377778125734,0.408457068167
umyu,0.162362763819,0.0296049180737
wise,0.320896740374,0.146708756519
tortur,0.169481251167,0.103781688456
girlfriend,0.707466397073,0.396538973916
anywher,0.42226431575,0.649341577908
air,0.763482079568,0.824117881244
murder,0.479897903366,1.7478856462
younger,0.185342932989,0.073340979932
handl,0.724664768076,0.879400617
albanian,0.178920394175,0.0
laser,0.115537211503,0.0591621834472
dull,0.133502978082,0.0541366878129
guidanc,0.0620546584266,0.0397743216342
live,4.70383156112,4.07353472561
dish,0.141301016696,0.166886213978
dancer,0.115089861822,0.0492502445991
heh,1.06732166713,0.0291657879074
samuel,0.0,0.140752409198
lawn,0.0888478198451,0.0197760962218
defeat,0.089144915245,0.0439918992249
photon,0.0178374720675,0.0545680802933
mason,0.0347426158428,0.090753165228
goal,0.107209198493,0.0591856275333
prescott,0.0,0.0826780473945
insur,0.149844716762,0.290979568111
deep,0.390417231482,0.517714612333
lugosi,0.170908607086,0.0
singl,0.730843412162,0.256344975608
chancellor,0.0,0.0692005476516
avail,0.177163182706,0.10818388041
acknowledg,0.0617180870704,0.0885239357667
dread,0.114487916752,0.0292109736111
manual,0.0900970836664,0.0838431853944
ll,0.237454907501,0.192447444036
stew,0.288174452393,0.0344465595312
pai,2.27768549525,1.38319309868
crawford,0.00917411085277,0.137832652294
janet,0.523938179326,0.0442830442572
loan,0.149529859078,0.147147905113
rib,0.0793024224463,0.0390887860936
peel,0.0264181097097,0.305768792446
hormon,0.0441375044395,0.0694896958877
about,27.013092348,21.3177944593
ohio,0.125457390271,0.0638061298222
advisor,0.0438886063314,0.0442298621507
crusher,0.0179858330767,0.0748994984482
centuri,0.383729161249,0.211898534465
govern,0.411059422715,0.48075940557
probabl,2.17232832016,2.00918389761
slow,0.560125618769,0.448173503909
homicid,0.0263014890514,0.305145360248
shift,0.193722996061,0.201954904075
sentiment,0.107910166723,0.0687071726345
sophist,0.142222702925,0.0539082105753
mock,0.132976102767,0.0242985442534
supper,0.114856874061,0.0733697702907
washington,0.363831217394,0.241171501153
inn,0.105743730501,0.0493051025622
polici,0.123188568651,0.153649642718
call,9.23798150083,8.17062268117
surgic,0.0178150471415,0.0495918477837
talent,0.355838797919,0.151816643765
futur,0.722411111047,0.475993438862
appl,0.273588984752,0.0782848952542
hiya,0.123777734772,0.0491030502153
should,6.91744963294,4.84069305407
hoop,0.0985176344573,0.0195621528285
joseph,0.0619194118656,0.0940057830231
uisu,0.181927763188,0.0598967645446
unit,0.400299996814,0.437575287999
radar,0.11497266274,0.0444616253842
magnific,0.0982818362065,0.0146729668853
rendezv,0.0179003205934,0.0640986727563
anxiou,0.0533087720526,0.0790846567572
featur,0.123851793007,0.0443012761462
discov,0.18749234319,0.211355589629
dental,0.0530588479288,0.0440792460416
legal,0.237514722799,0.251041123437
shuttl,0.0618111462145,0.0691329854617
word,2.83863353409,1.7717810427
tool,0.158968048047,0.113109068389
deceas,0.069606360204,0.0696580935872
consider,0.131373633333,0.0784437269067
noon,0.149166720099,0.107846131365
york,0.987434512686,0.715287739707
lauri,0.00866709023124,0.171143940066
fell,0.372543142325,0.303438496893
reject,0.11525529252,0.0788706296282
ton,0.159205501457,0.0941895259671
lead,0.577581299814,0.539815594292
marin,0.0360420711259,0.128731275042
name,5.25037253217,4.54267437077
commiss,0.087834929538,0.177078666358
windshield,0.0449420124612,0.0252646999931
captain,0.680900312892,1.33643259546
winter,0.17712042586,0.117141353472
slap,0.114359209136,0.0885868422745
burst,0.0711513578633,0.0394794881973
mallori,0.0,0.158262187421
goodnight,0.388030940032,0.257909926313
polish,0.187562338734,0.0195802428317
letter,0.775466247392,0.624540838479
voyag,0.107284349644,0.0149223426831
sandi,0.0270155847045,0.225509682144
ta,0.117774383633,0.159339634254
commission,0.0,0.0490545864832
joke,0.870131318436,0.497625806331
idea,3.20918960446,2.10890747335
deserv,0.515369971619,0.235334744756
shove,0.0793057608896,0.108679103646
rd,0.106913415466,0.0687439054278
mistak,0.883144609027,0.655334817506
earthquak,0.0451142624187,0.0388991206406
worm,0.141482209938,0.128231687903
abil,0.124181551509,0.133043193848
guarante,0.202097552244,0.210744145582
outta,0.472884729249,0.670147536957
mutual,0.0975227112299,0.0244740962485
prize,0.160466544691,0.0491930519248
welcom,0.646514535795,0.446509776383
seventi,0.151936356632,0.0685588673693
trunk,0.0979100044969,0.220011610495
teas,0.0351452660599,0.0440293187287
access,0.0538820311664,0.262239442771
jacki,0.217040938633,0.0530512817358
refresh,0.0614713637556,0.0295696091007
affirm,0.0265580279317,0.0836361374674
ill,13.9133108569,9.77863995314
gregor,0.0,0.0967081217652
chet,0.0,0.0824686706925
complet,1.16920245339,0.801509855537
mill,0.236602277337,0.0588454964392
speak,1.32460101356,1.15352795953
whatiya,0.0,0.0668793648291
prei,0.0176529063815,0.0984798159227
fed,0.0974223828326,0.252243620067
flash,0.115104495468,0.144320507157
crab,0.0617018631572,0.0146570719039
wet,0.27729181489,0.166866455291
warm,0.326858549797,0.268647384281
hoover,0.017949462251,0.0497366424786
flood,0.0443601511369,0.0493947213994
regard,0.0975752941223,0.103549251165
hamburg,0.132964655955,0.0493439819775
anim,0.455370858518,0.595283717304
random,0.0711771046887,0.13310442166
lick,0.133311986049,0.102761009786
liabl,0.0526431061752,0.0243520530707
unknown,0.0612795558424,0.127179786395
histori,0.470004369677,0.52156959091
highli,0.159697022063,0.108598722631
fred,0.152579765747,0.131454789382
peggi,0.358604392402,0.0
emerg,0.353933441004,0.316089512257
maid,0.150654566963,0.0535275180831
relax,0.765776306232,0.465480349474
whaddya,0.0706671752067,0.0393905836888
give,7.73500810334,5.75320660459
starfleet,0.0267562081012,0.282183838302
rout,0.124218133545,0.177120447384
resourc,0.0707605278842,0.0639894950104
night,5.58621927326,4.45415882638
statu,0.266281298698,0.162740373931
spare,0.150436876581,0.262048142885
abov,0.231152599343,0.151719049386
save,1.56970507023,1.29287544229
fett,0.00886819901077,0.150662349518
goat,0.105735813194,0.0147704433234
career,0.443187559276,0.195854846794
van,0.157705071382,0.377708728896
puke,0.132848386895,0.0683050500952
disagre,0.0625002112051,0.0491613019253
reveng,0.114164869875,0.137642644888
femal,0.213712568028,0.142417000636
penni,0.225695579081,0.107747182572
better,5.62694400865,3.79751857669
rex,0.267894669342,0.0633067325744
marg,0.0269772261214,0.295446801061
but,34.9578259001,23.7919073596
border,0.208901799884,0.195958351934
phil,0.0884775655565,0.113675237863
twentyseven,0.0526791631508,0.0496184027648
sixti,0.292429979585,0.167940012513
delai,0.0713753705153,0.094128588667
jewel,0.230062802952,0.0149132611152
uiu,0.220300306767,0.0250826091758
leash,0.0351271578548,0.044056606258
berni,0.298563693537,0.0
nickel,0.0354064080333,0.0440052080342
aim,0.13294109996,0.0738337218988
uyouu,0.527201713474,0.243974817359
advic,0.386892764171,0.22962129747
gold,0.435625440371,0.275680742936
actress,0.212422048097,0.0243302982077
whisper,0.0526800020398,0.103137362947
goin,0.302855864673,0.704671854708
particularli,0.167829625555,0.107516663099
gossip,0.0353212897455,0.0540663983329
runnin,0.0263735923808,0.0594372112184
peni,0.186948311719,0.0196583737542
minut,4.00432481518,2.99347091427
scandal,0.0715912075598,0.0241524787424
awkward,0.122930198434,0.0395115055354
crank,0.0888091159357,0.0985886284979
ev,0.872289582949,0.0976830825837
owen,0.0,0.172101644997
diet,0.114354106188,0.0498714013392
cargo,0.0355917964083,0.0846301178851
fashion,0.168485040162,0.0590037096106
tale,0.133170051404,0.0833975423286
quietli,0.0972122410897,0.0542422598527
son,1.9484074682,1.58075908592
geek,0.0721916693132,0.0640478989521
devot,0.105266207223,0.0395301315187
madelein,0.0,0.0769042147844
luke,0.134247722884,0.0440051505693
laval,0.209111034852,0.0
seventeen,0.203194103458,0.128172113006
yourselv,0.115132930802,0.0788314425791
sleev,0.0626360776714,0.0292879094201
robberi,0.0803191888506,0.127390113568
debt,0.0795997290538,0.0926752120221
flow,0.0975657305403,0.0841909892913
mark,0.674748321118,0.560179789247
subtl,0.0702175786264,0.0542562908172
symbol,0.125272234735,0.0738074837017
prank,0.0612360929958,0.0294293544527
illus,0.0525204738004,0.0728051524487
restor,0.0711519638696,0.0445012268625
catch,0.769335862695,0.88467462409
predat,0.0,0.0741961874642
temper,0.088333346431,0.0592994839846
globe,0.0353359478672,0.0440495813456
pacif,0.0543149618705,0.0393899059762
ethel,0.12624697794,0.0049182565832
phaser,0.00891873603374,0.0746091458028
midnight,0.158452318298,0.0790099977171
lock,0.587309515026,0.799857384465
adult,0.187255329099,0.0837587875594
brandon,0.0719433323067,0.140376961946
kitchen,0.273077058961,0.22640801188
noi,0.080719391756,0.0396669989366
toni,0.407067625728,0.125849599477
mo,0.0450615894782,0.044171045002
awhil,0.204498761505,0.190245006622
actor,0.3942965561,0.212124748576
length,0.0628918220314,0.0779963532174
pinch,0.0616253529567,0.0490180346215
throw,1.22434026962,0.565481217553
tunnel,0.0895214354552,0.122829970346
materi,0.230450600613,0.137983180804
function,0.133356241325,0.162389221405
zip,0.0443851305916,0.0347807072316
visa,0.0621233684366,0.0296097744533
josh,0.25236940819,0.0934998035758
shed,0.345696433735,0.449798291814
crash,0.519886546279,0.271796158656
craig,0.661215814413,0.0101690978674
he,41.5322800087,42.5101974041
perri,0.0616551710188,0.0347465392888
pathet,0.149536219364,0.0936617048159
eastern,0.0534812929803,0.0786378831448
demand,0.142058606128,0.132369648141
sheet,0.179389418788,0.171008003219
data,0.0873265936182,0.5257839001
fbi,0.105329937572,0.649667715687
insist,0.265130201581,0.206100938237
regist,0.193413430247,0.131878811605
fame,0.0713603251392,0.0736917643367
particular,0.220857127652,0.186766711013
upon,0.240342001128,0.166814579957
screen,0.169373227785,0.231190535382
becki,0.123028282468,0.00511686005388
ya,2.44245021303,1.93704580107
attornei,0.254761214191,0.255406174475
clai,0.0529898856633,0.137825255088
mate,0.115863956004,0.132994209182
interview,0.265063883533,0.270526388385
yard,0.159660508039,0.211065557427
duke,0.150841074401,0.049342497597
footprint,0.0350891963633,0.0589975087511
user,0.00875714971993,0.00990006691801
influenc,0.11431972175,0.098125355807
swallow,0.18540711941,0.112928226
lula,0.0,0.241311240271
plate,0.24076027666,0.182089255305
queen,0.392845978611,0.181968817238
until,1.69680432597,1.64342507693
rode,0.0356925687878,0.0292995574881
creat,0.363511281734,0.438584611492
disappoint,0.353791294442,0.216482139201
region,0.0533271796389,0.0884525830438
marcia,0.0777043586323,0.00484190716328
defens,0.222767361681,0.212262657616
sensit,0.221047218847,0.137420596586
defend,0.159005251136,0.242293723263
miseri,0.0713691187453,0.058835364689
take,12.0903698832,10.0204603155
oil,0.320692873506,0.231417343607
holi,0.611074825498,0.261356643079
polit,0.336592820125,0.289696703437
crazi,1.89269263879,1.61096090053
interrupt,0.248686719764,0.063924208614
luca,0.0269411956595,0.112431442432
franc,0.357156582328,0.124665866611
pete,0.132822043014,0.218532557042
afternoon,0.431764200051,0.41490246538
distress,0.088092670237,0.0596874105147
finder,0.0370153592629,0.0647261332398
around,4.81123541861,4.1653884338
europ,0.10778883193,0.142296841912
sit,2.28216843408,1.77500572544
follow,1.1522643363,1.22664531857
intellectu,0.106992854348,0.0195406507686
tee,0.149162160374,0.0
planet,0.482768317372,0.581910151416
perk,0.0620333590606,0.0484912157102
dame,0.255526347108,0.0148617166892
wife,2.17790329044,1.7381176024
distanc,0.106385867733,0.1860632324
breed,0.0532941642219,0.0492075787463
height,0.0884896706179,0.112863633618
compens,0.0539013579468,0.0344468366442
storm,0.133494560522,0.202061267773
appoint,0.300753008602,0.166904075873
daphn,0.256397569599,0.0145283856039
salesman,0.0704289655106,0.106570759853
scoobi,0.15043050985,0.0
distinct,0.089209666172,0.0247778815556
alon,1.81287106875,1.81312244381
remot,0.139834470665,0.118104619445
boss,0.733530478248,0.584525699528
pawn,0.0795369605363,0.0246229279555
wonder,2.77570954597,1.3081589854
easier,0.273018803222,0.171317720701
lt,0.0624115377147,0.0246162859568
zero,0.204101633109,0.202366763834
stake,0.133959110709,0.201263948345
food,1.04742185645,0.569074245963
forest,0.124524424866,0.0390126337886
june,0.134255485119,0.0787706617427
pickup,0.0363183139064,0.0795638417738
sensor,0.00880853646942,0.0844238178221
choke,0.071100894182,0.0537441681356
situat,0.432766065508,0.475072204194
david,0.50911523071,0.347252765097
blackmail,0.114857918966,0.0490845237437
atom,0.108122031499,0.0589802090832
necessarili,0.0793812711024,0.0691172854407
albert,0.00879752359416,0.136828088985
advantag,0.237033892715,0.078413271014
fli,0.070202950577,0.0742067238328
horn,0.149976907795,0.0538482506784
metal,0.09712625342,0.147795310728
consequ,0.124329157475,0.0885331736961
sloan,0.171383455371,0.0547641172802
tragic,0.0528147607746,0.0489824784117
determin,0.152021697583,0.0935601258936
meter,0.0173717495067,0.163536766264
toast,0.096673712135,0.0688686580738
disguis,0.0988347231538,0.0541660791239
loud,0.202128934352,0.157528562016
employ,0.0892269795774,0.0737880760597
xxxxxx,0.0,0.0874168787662
cat,0.542087401498,0.455394740163
math,0.0796799218211,0.0691987932961
sue,0.483372601617,0.0877545396689
foul,0.10741174162,0.0396665183773
like,33.2038767394,21.4625359177
ferri,0.00893406221033,0.132922606202
praetor,0.0,0.0843087257369
marri,3.850512237,1.16537490403
stamp,0.0988954749729,0.0489889755887
lainei,0.0,0.0771540416462
gai,0.301516268773,0.0539517453375
potato,0.167796899164,0.054284436367
licens,0.247147948296,0.269387714712
some,12.7202218741,9.84051298436
sylvia,0.069878092982,0.0294311095669
tag,0.0702212204551,0.167363429024
caught,0.575444063922,0.684250299965
runner,0.0618530694547,0.0342274824457
unpleas,0.044000496169,0.048788215786
typic,0.0789822062227,0.0592652185425
dive,0.0525038066807,0.0785372985999
devic,0.233369686434,0.167527615314
alien,0.196661983292,0.118906600381
deadlin,0.0530876263362,0.0393987917981
landlord,0.0888963336777,0.0243749176643
bridg,0.340362461906,0.343883415618
sink,0.133062340353,0.074334351436
affair,0.29092587782,0.234501004726
record,1.19144131418,1.04097039492
thinkin,0.15114714004,0.118815253597
gate,0.203643962279,0.162022913497
austin,0.43973620376,0.0246032318255
poker,0.124822514073,0.0541144698019
liquor,0.0964686141003,0.0932908475101
cow,0.18658585334,0.0734414041724
run,3.01482184037,3.09853839934
yourself,3.35631417008,2.51060769704
tie,0.246672728808,0.334031411431
slightest,0.0439255182377,0.0594704217568
businessman,0.114472358481,0.0730444671363
martini,0.16025268336,0.0736026355558
dell,0.0,0.132685295426
stone,0.630511248027,0.310110015616
iti,0.0531077244278,0.0702240372771
dri,0.0357096155447,0.039273070274
scanner,0.0177417193174,0.0545704305371
effect,0.284701589138,0.295322104467
appreci,0.669071288108,0.403927997703
shark,0.0802172673973,0.399616080002
child,0.685224461359,0.797349136444
bend,0.160086873556,0.063415273408
slice,0.0790780426207,0.0687451874948
hair,0.972671068789,0.657921058686
patienc,0.062180664202,0.102768463589
ga,0.416531824832,0.259703284704
disco,0.0533751254029,0.0149429900246
expert,0.168588948864,0.201914566633
implant,0.0176007975753,0.0993624832748
dealer,0.0529915334831,0.176645055378
oooh,0.12416725337,0.0247163702745
beavi,0.197271283185,0.00486337527149
troubl,1.40659969189,1.41680315936
lesli,0.0,0.0674065544965
lectur,0.0973297231615,0.0841871140337
youd,2.68482853025,2.14487673633
baldwin,0.00900621118012,0.00497855611638
scienc,0.328499765866,0.206285914286
surg,0.0708944303462,0.0345565615647
uallu,0.0728249755496,0.0252605950472
ooh,0.204576846982,0.00488570595714
harvard,0.160565228119,0.0546861463844
smart,0.673742448786,0.520004289261
statist,0.0704942970228,0.0345792668234
sheila,0.0619617223022,0.0868141604396
haul,0.0533799123402,0.0884492566622
livingston,0.0182657163719,0.0238513206823
exhaust,0.0705769037743,0.0934767202054
jail,0.470763204778,0.418050830554
biggest,0.328550842532,0.157352634864
hudsuck,0.170519891385,0.0
rocket,0.0627058935604,0.0990474372249
trace,0.0885527244029,0.293865851849
punish,0.142461228432,0.112101758649
contain,0.0531306128228,0.118778092784
twomblei,0.0,0.194918489403
intend,0.159522361034,0.215766200563
flynn,0.0,0.0688594494423
describ,0.113958128818,0.196747564349
contract,0.352621102681,0.291073428587
straighten,0.149847586627,0.0980145541976
reilli,0.00879765801612,0.108036478427
regula,0.0,0.0
tremend,0.0700026728092,0.0342140038076
love,10.4168084041,4.23485669643
setup,0.0897499503172,0.0736094660067
enforc,0.0353574615913,0.093870018982
castl,0.230917767272,0.0779150004779
lousi,0.240663636267,0.0891304942359
bloke,0.0,0.0836312170555
marietta,0.0,0.0787955070271
cooki,0.141823949787,0.133303521723
someon,3.17157770213,3.1899698081
design,0.346277969238,0.256674226879
address,0.351543553655,0.459989324885
knowi,0.106396636473,0.0150500098994
award,0.0708836818998,0.0439908360464
tick,0.0625737160184,0.0834658969758
unconsci,0.106164104465,0.0636239507551
weve,2.39916459737,2.40304651156
cleveland,0.017754008407,0.053795693261
sweeti,0.284472567506,0.0923280490442
intellect,0.0265829898535,0.0395631377782
beard,0.0791537624183,0.0538214604626
surrend,0.115132342868,0.112703648194
vinci,0.109071971005,0.0398609112828
hildi,0.0,0.0
tail,0.123466209208,0.157285308607
dignan,0.497544088058,0.0
moss,0.103288439848,0.0340017845142
photo,0.123885385324,0.259451925532
myth,0.0181401894075,0.0541851005565
tuesdai,0.169387920019,0.117508093484
stress,0.106874108477,0.118622916848
limb,0.0712486041922,0.0499082118764
wallet,0.247881505647,0.142347045089
tooth,0.070518926608,0.117504297328
bare,0.230632550079,0.191145600481
ten,1.77361824305,1.58187314385
guilti,0.210662600529,0.176805949959
inform,0.612007497059,0.959622655203
list,0.506321670396,0.57302827719
husband,0.852949821475,1.13752731916
visual,0.106105194155,0.0641098319344
ross,0.0358294231116,0.0694481595889
jabez,0.6788353977,0.0
cape,0.0709405432676,0.0394729364511
atlanta,0.0175057096417,0.0691031478021
champion,0.0609495601693,0.0194821926902
valuabl,0.176550005041,0.118375409019
respons,0.733129285251,0.529682828009
addit,0.0791098570842,0.0491022088175
spike,0.105867391755,0.0198022063087
lighten,0.0532701693806,0.0592224217852
wagon,0.0980612411359,0.0441086812741
owl,0.0182064672112,0.0701206522357
dog,1.60934092753,1.00967284201
santa,0.269538757572,0.170885381501
fantasi,0.184500000688,0.0978720543111
belt,0.184013869198,0.0689672300819
unowu,0.0923120101072,0.0496068348186
enorm,0.0892195285513,0.0836544203907
kind,4.62791434279,2.97738452713
light,1.1455764958,1.1630810224
investig,0.192845686435,0.647362707631
lila,0.256954726592,0.0191583711326
laundri,0.125136521392,0.0540496677459
jessica,0.255387677336,0.0344522479677
jodi,0.0,0.116672326564
masturb,0.106971377821,0.00491745300766
porter,0.0698639760322,0.0694212366459
la,0.842601536217,0.414498290269
couldn,0.0176385950063,0.0739123203912
canada,0.155955405328,0.0637640453816
dress,1.44942257953,0.431605412598
port,0.0809237538566,0.153308032884
alwai,5.43872200556,3.50678996593
explor,0.0710262156013,0.158014271732
bateman,0.0,0.127113723342
governor,0.122386859347,0.0244020417034
sat,0.194349604861,0.162219340733
fought,0.0707752602437,0.103274966446
perimet,0.0539667088099,0.0644127480641
wasnt,2.96741335257,2.78922474287
testimoni,0.0358669559468,0.103379904706
conklin,0.0,0.101781036769
cart,0.0788165126756,0.0451014316117
caus,2.15651646634,1.57649589291
number,1.63391168509,1.48415469655
crane,0.164106167836,0.0433917713213
loyalti,0.0885967539328,0.0831986333071
fake,0.344679976688,0.20438308759
puff,0.204000167881,0.0145141389105
accompani,0.0349064957647,0.0348058563248
cultur,0.115936926377,0.123595633057
fenc,0.105263289623,0.122514900807
outa,0.0790945183058,0.0737007798668
cal,0.123774064983,0.00497855611638
whenev,0.228739739489,0.175446613785
roach,0.11657476978,0.0247314603127
transmitt,0.00891873603374,0.0644539402157
fingerprint,0.0627617189673,0.0932054504511
mail,0.202645658236,0.152409872512
kaufman,0.176030297623,0.0
pole,0.0979846167533,0.109421350936
engag,0.388703928691,0.162894810697
plain,0.124242774904,0.15190902155
suppli,0.255168690038,0.226198256196
reserv,0.195608897408,0.212525082854
few,2.05383066413,1.91292685484
sandwich,0.2290412393,0.117327371112
fredo,0.0,0.0825916627427
safe,0.72794586037,1.16645700978
hockei,0.150803576115,0.0197894680849
hous,3.23602984899,2.7084345955
elain,0.344879274221,0.145184889958
knox,0.0,0.157088446535
oath,0.0626040369467,0.0294750949648
wander,0.107187899753,0.195316355657
latin,0.0528941115446,0.0391289064535
same,2.7189576464,2.46571405665
git,0.0807286860555,0.0298589987839
garbag,0.140746357017,0.123210623737
charg,0.477067959201,0.698536543655
knowledg,0.0718934064391,0.201120754355
uknowu,0.0821260753356,0.0696219077004
veronica,0.442186988934,0.00508454893369
john,1.46779200738,1.6056926261
connel,0.0779889122313,0.0340691158448
anticip,0.0797621536174,0.039419555251
drown,0.0887347822307,0.225664006916
rose,0.265670284627,0.0834035551321
carpet,0.0882396697182,0.0390281624901
circu,0.0975919076502,0.0491139194539
sebastian,0.00879680584382,0.0734420592946
cmere,0.0708746727514,0.038989145979
irish,0.0717348583393,0.0638963306634
robert,0.445109460912,0.230602796435
fork,0.149586511891,0.0399067123753
lazi,0.0710387923784,0.0491127103181
flare,0.0179333958996,0.0691236199242
bobo,0.0517414599897,0.110593840423
guess,4.08328388789,3.00473466625
hippi,0.0354801920189,0.0695966483269
the,179.208094598,152.448421516
specif,0.105826785679,0.167292867562
offici,0.150101913966,0.240787106504
god,5.53925370136,3.60395733578
exhibit,0.0705700819008,0.148273733208
madam,0.672623638839,0.083267871807
privileg,0.124686691802,0.0684409628766
scrambl,0.0443073209988,0.0443310820727
con,0.21279105108,0.128026229807
handi,0.035454915235,0.0734559025935
rifl,0.0263533885242,0.0983834274331
peep,0.0540160876979,0.0397024972199
moron,0.222220857987,0.0643268906667
resent,0.052766614922,0.0245699989586
lai,0.425416083903,0.392709230682
scotch,0.14138074098,0.0975042108899
brenner,0.0,0.110214806103
lake,0.187961847506,0.227580661637
therel,0.177435648618,0.0883061479061
gordo,0.0,0.0786539723367
everett,0.0175134442739,0.0
neural,0.0,0.0690461960605
madison,0.04454225127,0.0774042442536
realiz,0.920564871791,0.558438242844
georg,0.470074073533,0.26782816791
skate,0.0350776673188,0.0294175108549
drink,2.16310219996,1.35197427737
goddam,0.114656791322,0.112022881852
anyhow,0.141407852803,0.112499347285
jew,0.071125900578,0.0342901431618
popul,0.0265367512942,0.0745503498258
freedom,0.187345588932,0.142555261585
togeth,2.05948157251,1.68250715722
attempt,0.187665792059,0.142769032142
adel,0.0440791199363,0.0924031474993
coat,0.284931992792,0.185943560759
mob,0.11396019003,0.196954712918
higher,0.124097861432,0.1333237294
cowboi,0.0444737080623,0.143001746302
heel,0.123704414228,0.0737433118009
inconveni,0.0356923281694,0.0490515222364
respond,0.142772036977,0.113042207205
patch,0.0885690844793,0.103943627338
mostli,0.290305613044,0.240733493333
fan,0.345872908435,0.147688936459
highwai,0.0711913649873,0.131551565164
reason,1.493748606,1.53015713839
soon,1.65937128349,1.24543200575
helpless,0.0795302049658,0.0343709962417
then,10.1238213734,9.38708540835
cobb,0.130513246777,0.0358180203771
weird,0.808772042157,0.431882655882
parker,0.0808898202673,0.11900270299
seen,2.50319898072,2.08749146249
happier,0.0798580754738,0.0489286212215
roast,0.0711283320332,0.0534071965195
tip,0.34571663401,0.356366536392
legend,0.026593285658,0.0492637123776
behavior,0.168535667457,0.167352969625
secur,0.364133392809,0.914520328974
tatum,0.0,0.0829865733733
especi,0.381340444607,0.260425335547
jeez,0.204821601984,0.0884766627911
your,69.2481905942,49.7088213451
dispatch,0.00866709023124,0.0741053180158
heart,1.49151018788,0.896104734475
test,0.564380076609,0.659127314818
webster,0.48895043646,0.00501329265823
categori,0.0355257898369,0.0443176600922
chicken,0.387803273014,0.222099358589
alibi,0.0625963122376,0.0492680620702
wouldn,0.0351617391601,0.0738448818868
hyster,0.10729570831,0.0637219779793
mankind,0.052777723271,0.024585083053
north,0.303833704753,0.335532420486
kiss,1.02743130067,0.420500740143
mighti,0.141542904262,0.0691138359029
levi,0.0276314195374,0.0049274764672
fond,0.0530707649639,0.0436647695192
rain,0.364047990488,0.216648353774
obsess,0.202901215483,0.196098408859
michael,0.273908091186,0.674497151153
corleon,0.00900907539445,0.18976242882
vision,0.107009952256,0.181852629433
edg,0.150073768535,0.143020806961
command,0.805189880136,0.593412113598
nineti,0.143311607626,0.0884435423337
gin,0.0698446037545,0.045042399916
nix,0.00917999168093,0.121464099923
amus,0.106681733266,0.112775313795
afterward,0.0978432419706,0.12274618164
wanta,0.24306828395,0.0384556092173
thorwald,0.0,0.155507106167
by,7.34363057835,6.07634927081
rag,0.106598971834,0.0889251167367
jack,1.48668203164,1.06220475361
desert,0.185999191409,0.22411692718
maureen,0.0091093814575,0.107726467541
own,2.97817930563,2.78787303516
heck,0.187252916918,0.109064886863
walker,0.00900907539445,0.0587694804374
empti,0.310839614041,0.289444419807
grunemann,0.0,0.125162007036
relief,0.0624955896411,0.0446144128519
narrow,0.052372433119,0.0692069912429
saavik,0.0267562081012,0.108298758215
seymour,0.260177882367,0.0149242662746
anonym,0.0881357005539,0.0883986989376
footag,0.0989255673972,0.0594118911345
territori,0.132615173222,0.113319641679
maniac,0.0621244297768,0.0741341597006
envelop,0.106978836738,0.0830690300739
despis,0.0617693679391,0.0393937055263
definit,0.671008718328,0.358234120829
return,0.596858071749,0.612888062341
nobodi,1.98369641722,1.49797089305
eventu,0.220977609704,0.132616154633
rita,0.10347604752,0.0193866894814
pepper,0.106609535351,0.014666710431
prep,0.00894233031966,0.0645698909903
stand,1.88155856036,1.39415771549
deepli,0.0796784867586,0.0294212162643
park,0.585722100587,0.494171941811
aunt,0.256142470388,0.156919577922
youth,0.133505391971,0.0396097233169
water,0.921117759522,1.09942095812
els,3.19076384078,3.01718175154
starl,0.0,0.191955375911
allei,0.0621601777397,0.074204632885
snow,0.176615384154,0.127637985448
pope,0.116136485467,0.0196055607278
wax,0.0178536245318,0.0686656523354
object,0.194016869572,0.270687711179
basic,0.309854590015,0.221870172603
file,0.264648983853,0.743149126755
dismiss,0.0803224183898,0.0295653286445
much,6.70468967196,5.14649365269
sometim,1.71784127814,1.25785219957
warrant,0.0619634330946,0.18783201915
drama,0.0898549106458,0.0295825776444
android,0.0177313579599,0.0695940769641
wast,0.494366273603,0.447053974712
brick,0.0266450062748,0.0839014364581
restless,0.0440673043247,0.0394501678765
unusu,0.21328815136,0.147516454915
orbit,0.0263203035449,0.0791989341757
headach,0.113507337032,0.121399954944
ambul,0.0183910710913,0.0727115049485
pier,0.0794350384441,0.0198178502753
talkin,0.195963932747,0.341197989489
instal,0.0530964905312,0.0396560233609
toss,0.107298160379,0.137798084045
pure,0.187221281814,0.177688338852
maxin,0.443937100137,0.00502501147211
canadian,0.173779791849,0.0392772391272
amount,0.106647384861,0.181599984575
shatter,0.0439340459655,0.024594136947
spoke,0.176656220666,0.191234686838
danc,1.24540864484,0.440829102135
ir,0.0706529904775,0.0297151688604
proven,0.062111385265,0.0296188099394
broke,0.575070772845,0.505182501357
ninotchka,0.424047346565,0.0
lili,0.185340229473,0.0440744190314
dat,0.126038144849,0.00501309438225
scum,0.0625487262403,0.0443155390647
psychic,0.20399756089,0.0741805397788
guest,0.457896278332,0.305359155279
architect,0.123582996823,0.0344231213153
vancouv,0.00875714971993,0.0823502784268
balconi,0.0439884314879,0.0436119958938
my,43.7152680673,27.74760031
resist,0.205655707818,0.0890811021442
juic,0.222521704479,0.093788718284
reliabl,0.097134289744,0.0589166840431
will,11.991296085,8.86555519934
launch,0.106876306674,0.192455811101
tire,1.15246786559,0.632405227798
villag,0.186168405458,0.132265415956
ordel,0.0,0.0
broad,0.143339229407,0.0928502945219
juri,0.114752292826,0.187134815177
mccoi,0.0707906564271,0.0879907267025
italian,0.186741049835,0.186866337418
item,0.0708906905071,0.0688396028724
process,0.256037748544,0.18206551189
sake,0.634937413185,0.500517156678
diseas,0.194283572866,0.196318172962
kelli,0.0275223325583,0.295665369616
contest,0.132225870842,0.0492281180455
champagn,0.3182753791,0.0492964866022
cabinet,0.105113882813,0.0786949096681
plead,0.0176944374157,0.0633153665467
era,0.0177153886629,0.0644577618455
sergeant,0.106768880852,0.207440695698
nervou,0.750907176602,0.343245664766
imposs,0.387758428999,0.284319587451
cruel,0.106692121042,0.0734234166057
claud,0.0,0.253476752409
movi,2.04612875447,1.02647644081
cruis,0.0530905632515,0.0493274487128
daughter,0.837234243312,0.856886428343
premier,0.0717124008886,0.0343520025924
law,0.565910386278,0.657081692514
intent,0.220982918005,0.156844899448
liz,0.0716145607656,0.0595597749799
nake,0.312283335336,0.0733740733575
petti,0.0793765414017,0.0541559228635
mirror,0.150065801653,0.210886295759
ha,7.20602079529,5.69231761331
each,1.63212639716,1.04991288353
never,10.443774347,7.83712657808
do,50.5339650444,37.7605709484
exact,0.212328910178,0.182096111282
rescu,0.088858956068,0.143811243313
drivin,0.00871342114481,0.0639141443361
limit,0.176657326381,0.181653099065
ti,0.319530692025,0.186538599111
manag,0.7041605597,0.478029203271
thirsti,0.0439733636605,0.0635391328771
bargain,0.0356972750893,0.0978627980762
origin,0.256259746762,0.25603131136
acceler,0.0446832908562,0.0544112224325
pilot,0.177196987545,0.221693744346
guid,0.141222512334,0.0891417056494
mummi,0.017713926423,0.0598233477393
mad,0.655381160619,0.465428849877
frighten,0.203514830401,0.258076414005
factori,0.107473695952,0.0926895942751
cotton,0.0529766182696,0.142467441665
rape,0.284273937763,0.199782072695
chef,0.0718510859079,0.0342175059967
leg,0.68244174436,0.457691653695
calm,0.485152067788,0.318575708211
fail,0.240364288089,0.202181047557
interior,0.0708739318583,0.0049128617328
germ,0.0177087784266,0.00484891154995
inch,0.0706622450586,0.147194053336
donald,0.0450565159676,0.0649498296574
smear,0.0618331716365,0.0442346569848
berserk,0.1058905622,0.0196304431218
finest,0.106209685188,0.049019018848
hard,2.41535901238,1.42858123052
bourn,0.0176052321381,0.135727603481
brilliant,0.265094537739,0.112283016868
solv,0.142753144362,0.152383344128
fireman,0.0613595068646,0.0196426837702
electr,0.169458165737,0.157758299722
moment,1.25733749221,0.899602705114
wound,0.275752669393,0.275888494876
begun,0.0622586677752,0.0686185675353
while,1.9258174331,1.77897274832
militari,0.125547921847,0.226616613595
scoop,0.123132847921,0.0538371801557
saw,2.12790193537,2.85124062484
machin,0.575983075013,0.560943265817
german,0.0548082884972,0.0990702587667
enemi,0.472904983157,0.266587500613
creatur,0.330688004898,0.225921341505
throat,0.211526565091,0.206816439101
stuf,0.0711758817456,0.0829687335709
impli,0.0888270355325,0.0837395414186
burnt,0.116292310025,0.0292377940134
mall,0.132434184579,0.0729469508994
navi,0.0790315813781,0.0594580622047
rude,0.167736852564,0.0738446915367
lean,0.123843889366,0.0645414662078
bullet,0.231212385399,0.358613763548
sissi,0.0919378712547,0.0245641559396
dough,0.158495124594,0.0438034534599
reynold,0.0531593773984,0.054036780783
promot,0.299214089492,0.0845689233659
burn,0.557195051813,0.69981076333
rise,0.15092596655,0.138532027431
guard,0.39290455197,0.522009542543
deton,0.0267669924267,0.0744895250807
gloriou,0.0792244858443,0.024412881889
confidenti,0.0697837673629,0.107562000611
lost,1.66937656775,1.40388701026
desk,0.256328109518,0.225632251848
thin,0.159504231918,0.132657540139
superhero,0.131095772745,0.00496759710997
wive,0.0705748254987,0.103102980144
pooch,0.00887085965869,0.0788148865535
col,0.0,0.0780647633269
gambl,0.0891630641513,0.097851039288
crimin,0.275008108545,0.353920943605
can,20.7316957313,17.137267464
tiger,0.0704152193213,0.054526526124
pair,0.363748725005,0.108077523868
below,0.0534539094537,0.113428847638
him,19.1519478726,19.3940582777
un,0.0264705412121,0.117532350048
mortgag,0.0968999068634,0.0193621141441
toto,0.21222931525,0.0097852453404
dine,0.0884071550748,0.0589542936669
gun,0.844022246388,1.86284527006
thirti,0.725733363235,0.531116743557
warp,0.132858265807,0.12419288555
sid,0.222043593762,0.602630228358
standard,0.168430814962,0.186435626709
deliv,0.284413838022,0.337464795435
couldv,0.105450178879,0.328024758389
sandra,0.0,0.0921607872227
wide,0.12328000074,0.113402886504
daydai,0.197366110623,0.0
nail,0.321556546689,0.285001578071
novemb,0.0266858175116,0.0836564642631
speck,0.0176311367925,0.00498178189895
broken,0.291533935708,0.386881476524
fulli,0.205100869827,0.0840443999333
di,1.04317001089,1.39558704566
concept,0.125262400463,0.0883593775526
plenti,0.450708721253,0.254904456097
sara,0.0,0.0342120242423
toilet,0.106384066684,0.162104239285
smyth,0.164988755949,0.0049269426781
dirt,0.13387679129,0.11317996028
skull,0.071226572134,0.123424786258
match,0.248530408225,0.319835729223
win,0.879000246944,0.52458537705
abduct,0.0272284180024,0.0443384121204
chamber,0.0451046182827,0.0981319731146
putter,0.190836867456,0.00474826650588
advanc,0.185733991628,0.162682946934
baxter,0.581838646603,0.00963690694067
group,0.502677936922,0.359290574654
onli,6.90301435294,6.087558348
commerci,0.231067911338,0.084003046608
uniqu,0.0803959147438,0.0934718248051
bet,1.57008406234,0.912195906597
back,11.1974394216,9.36821147903
aisl,0.0792028460644,0.0294846663527
darlin,0.0182210754744,0.103746357297
creation,0.0356709698309,0.0496672971484
target,0.150541211774,0.261397994067
sip,0.0442421852336,0.0342885248816
sam,0.240037022396,0.60206708163
worker,0.305923996447,0.108530880004
five,2.43814713754,1.84262094726
ladder,0.0263029847225,0.0494045635917
capit,0.0981411416462,0.118272884728
smaller,0.123934667514,0.0491101865446
merri,0.0613173847868,0.0637303503645
won,0.453556122582,0.275659425039
howard,0.187358543875,0.0543598686952
eleg,0.0618076735649,0.0443042924237
bee,0.097366509653,0.0389228798078
digit,0.0801583161674,0.0685885251569
lowel,0.0,0.132555835
outstand,0.0624702237882,0.0299359811662
meant,0.619246690607,0.491526960837
precaut,0.026690817827,0.058422736647
degre,0.178697779093,0.227298733475
suspend,0.0357768063799,0.0346354351144
week,2.80551102131,1.84055188158
evacu,0.00891873603374,0.0789805776949
wow,0.946329927756,0.177575792006
loui,0.150143997803,0.302324170551
iii,0.15018907678,0.0647000345308
per,0.159021838109,0.123255178365
tenth,0.0622409662783,0.0293222673628
open,2.13443832761,1.8350032826
possibl,1.20259567703,1.386572657
old,4.08025906528,3.17772165575
primit,0.0357437889145,0.0834459189518
keyser,0.0,0.0986818112824
fianc,0.114099689896,0.0245434508315
point,2.15516334296,1.57457120032
bone,0.275214629989,0.281114537951
alreadi,1.85916855091,1.91632445551
straight,0.671902818403,0.780689014191
henri,0.473983578977,0.157103620657
hack,0.0534674771535,0.173182845503
rank,0.0626435510849,0.0644036373045
scott,0.444740911688,0.187062022417
fold,0.0441725290968,0.0588593565414
nothin,0.337663293679,0.457521439068
kendal,0.0,0.0
bar,0.638070119271,0.555722373157
ant,0.307666278997,0.0196291098566
meredith,0.0,0.0739795643386
musta,0.0535504961851,0.133074327551
dollar,2.10733715899,1.23740209667
retard,0.097805147495,0.0293281306909
volum,0.0528530710695,0.0391688405461
ocean,0.178098921302,0.143315647903
acquaint,0.0810898062779,0.0487609995499
jon,0.0,0.230991036857
dozen,0.176859689975,0.186649979891
treat,0.603677129091,0.342971584945
fund,0.149424853133,0.13799235187
crush,0.124974424688,0.0889135810512
accomplish,0.168439267954,0.0691803607457
cabl,0.0991112828967,0.206077258597
stock,0.406805135847,0.162440492984
pig,0.39199626031,0.206115572523
recent,0.194864425943,0.201358884341
ed,0.705189506154,0.169549665762
escort,0.0702268236778,0.0985472160274
east,0.25770254224,0.181563749148
vodka,0.0968956995876,0.0443304497156
natur,1.03824584118,0.578361739568
fella,0.401682362608,0.242142420752
missil,0.115420681192,0.163106695489
ancient,0.0802774212148,0.118475829486
how,20.468622687,16.2742935247
rumor,0.123561656817,0.133228129538
torn,0.053502488138,0.059048000375
palei,0.0,0.0
well,27.91275399,14.659328688
fear,0.390252672482,0.486054127391
detroit,0.0263687995953,0.0692140287163
civil,0.274397369692,0.216345867772
current,0.124347210883,0.163128596335
advis,0.0979420912747,0.186578786851
elect,0.215013451048,0.0793256447971
pill,0.36999842964,0.121830329988
artist,0.33748910209,0.132740314661
bastaldi,0.174594925485,0.0
market,0.319629567917,0.195682801537
symptom,0.0529738826156,0.0791355852487
therapi,0.184984228116,0.0788663277119
toi,0.381877699203,0.157205679711
scumbag,0.0442723203999,0.0888554992126
satan,0.134312096828,0.088863359449
ouch,0.114461983846,0.0293049823514
jeff,0.174985122793,0.272569287193
cemeteri,0.0619489244463,0.0827161116719
sorta,0.0880404385063,0.0692295404994
deni,0.213134901153,0.196723134948
sister,1.32207799222,0.820167201018
givin,0.036001915121,0.0492828488351
boi,3.76610319735,2.45865776021
closest,0.0710772168052,0.0591955297882
mission,0.222801994551,0.454513863331
stabil,0.0533543210755,0.0494135591071
identif,0.0173058615333,0.0488116738909
set,1.49655037977,1.58017755631
rebel,0.0811991264009,0.0541320322288
salli,0.532496669775,0.0245807329475
joint,0.284154759674,0.181796366245
zoo,0.185438839989,0.0544237414235
version,0.0439152659593,0.12320651685
camper,0.115424427791,0.0150038319002
directli,0.105502931119,0.152857677233
kid,5.24505593992,3.39648302894
jim,0.399313263144,0.524554140854
viru,0.0354842962745,0.25324895274
desir,0.124470281761,0.12802530176
tide,0.0353667767944,0.0985341408974
cell,0.15046879571,0.485915239073
mulwrai,0.0,0.289969793257
sod,0.0442372465354,0.0590435842892
domini,0.0,0.0927047796891
dealt,0.0532015727163,0.0589372685037
pane,0.140763101357,0.00982433752368
trade,0.266421476507,0.300355497942
spose,0.0717565614808,0.0596066742842
eleanor,0.0268144179533,0.0742995917782
someth,10.5459931817,8.65300948382
milk,0.284131527494,0.0979995639651
honestli,0.211184110338,0.112402708072
sap,0.0979149099571,0.019333616051
graham,0.0350841951616,0.171626784259
tune,0.169883466717,0.0688238198698
secretari,0.407419483833,0.171782728667
chao,0.0349487815586,0.0587123775162
backup,0.0268595870539,0.183099645981
freez,0.158498071493,0.142821770095
obvious,0.555177016063,0.235839658062
believ,4.58759926163,4.66483568966
delmar,0.0,0.0192337113779
sting,0.132289788838,0.0345849677414
happiest,0.0717131397675,0.0294441257143
broadcast,0.0625522057027,0.0881618120775
haunt,0.141843274139,0.112465599348
haven,0.0621499304175,0.0494327930347
kong,0.0795880560015,0.0497861540916
gonna,8.00030325301,5.80527521416
without,2.048276624,1.78831105968
lip,0.356817859832,0.0845153651397
spill,0.0801209298748,0.0892200004394
psychiatrist,0.0701234556723,0.161562877776
suddenli,0.360596153835,0.205748150081
realli,12.3612670275,5.70972550441
byeby,0.0798535611835,0.0296644243718
coffe,1.00712327826,0.594067620785
opinion,0.27428623715,0.235034926283
borrow,0.414487663006,0.122473895501
lechter,0.0,0.0
cuff,0.0363560478014,0.043839168179
overload,0.026573563781,0.0593691205351
attract,0.556325884627,0.24467487002
rid,0.29151129951,0.322939650222
bertrand,0.00883431972011,0.0885462707363
mordechai,0.136640721863,0.0
amanda,0.0179228184059,0.0439808330874
nicknam,0.0629079664424,0.0394411531364
gather,0.160826116751,0.0986557177469
mr,8.69298081445,7.25471405905
miss,3.23291195753,2.48240717543
fascin,0.18642429159,0.0934388529939
hound,0.0701907034971,0.0294035611401
lid,0.0619598616429,0.0297376819587
joi,0.178537388132,0.0440347389947
weak,0.221866781533,0.216493605402
though,1.42178338067,0.914568194318
alfr,0.00911682253999,0.0639045325867
comfort,0.522945190337,0.289996934219
ich,0.00917411085277,0.0201783539716
gallon,0.0440960709033,0.038997377403
narcot,0.00885438921331,0.0638469988993
evelyn,0.0790550266599,0.128463878921
duck,0.141867835571,0.108697237135
bucket,0.0618499997606,0.029454425123
cabin,0.108219607639,0.185850541067
settlement,0.106589180293,0.0341855953309
send,1.23885472178,1.31021803562
milli,0.0272048723335,0.0194922949368
israel,0.0183895851529,0.199878811369
alcohol,0.114310930613,0.0587601639531
suspect,0.194901242354,0.461154024704
robinson,0.445210515197,0.0247044933565
doug,0.195475643509,0.221263520436
alan,0.209987464708,0.0584183945356
sleepi,0.052837517424,0.0490792580254
adventur,0.0806316379966,0.0735514400878
ridicul,0.528374567488,0.269228915523
crabtre,0.0,0.00493444444712
lawyer,0.583241869225,0.570173868751
reward,0.167922746584,0.0835541977694
cloth,0.776801298618,0.497900240462
riot,0.0712357428182,0.0590921478368
seek,0.169451268285,0.0833806692102
other,5.35253394204,4.92937806741
pet,0.124052069661,0.113827936787
everyth,4.62352144602,3.18279917689
found,2.00090992209,2.38242990989
basketbal,0.106221818129,0.014895148065
liar,0.229959656914,0.177487311365
wouldnt,3.72959158549,2.85510863412
fit,0.506326898034,0.392370698378
stop,4.01500385611,3.286345591
cleaner,0.0621889392035,0.0195210627554
paul,0.406632839023,0.567944151341
execut,0.246489773844,0.18205270163
alpha,0.00883392743643,0.0395218279847
movement,0.123455313652,0.11779517508
cheek,0.151225043853,0.0344007827308
recov,0.105738030412,0.112995291571
phillip,0.263333701664,0.0341313192034
seem,2.72575975683,1.83964139634
leo,0.10821170641,0.266137729248
rand,0.172799329748,0.00492924439063
bright,0.264129530823,0.211255898291
moon,0.361333844548,0.187343673186
fallen,0.142117177157,0.0926468298973
prayer,0.168181976814,0.0784012650291
betti,0.393000228683,0.0824334707472
fantast,0.282428335066,0.102505966108
theyv,0.645979592987,0.794741019478
drove,0.183289489241,0.221104766537
turkei,0.114945200936,0.137536347541
modern,0.159094847404,0.0440691374177
edi,0.0,0.084357959044
jonah,0.208271372757,0.00983685346066
exagger,0.07068098684,0.0296897915663
mine,1.70065857238,0.962077565509
envi,0.0891015876925,0.0592274536556
big,5.37753973318,2.86581505011
krueger,0.0,0.175644916899
faster,0.159063297179,0.231329047491
alli,0.0180487963295,0.088364977774
fine,4.06723885144,2.06249551149
iraqi,0.0,0.0146753759922
appear,0.470325646146,0.409200433717
independ,0.0794358152683,0.0832301641557
poni,0.0535985146107,0.0098026035356
invest,0.213022625392,0.122789297065
hooker,0.2371882347,0.0987888938974
dictat,0.0881208471294,0.0244671748175
medicin,0.0716878215641,0.151987067113
honei,1.4067676614,1.22296364862
shine,0.0875946038781,0.0930482053651
comedi,0.189424907206,0.0295271579014
unou,0.0452264657077,0.044618679643
who,14.2972526759,12.8973312118
late,1.94412435743,1.4874392938
boost,0.0439838738907,0.0993975838816
gentli,0.0794787593668,0.0294300442846
sun,0.317698376088,0.295699953095
dunno,0.474691178315,0.248363216474
improv,0.168075737656,0.0784677380491
chairman,0.096325355389,0.029444196921
honest,0.69996538117,0.396814471918
shout,0.115026667303,0.0536115391538
invas,0.0,0.0689911512239
hadnt,0.388879851517,0.455235974086
fox,0.0528924464005,0.0597496149067
powder,0.123786725323,0.0441879595189
quick,0.572559434799,0.37771577657
breaker,0.0176309723492,0.0295001402219
breach,0.0531600627134,0.0740675816462
dope,0.116344308994,0.162615610901
frustrat,0.0970697053594,0.0439658856455
cent,0.345875899084,0.127238696612
long,4.43587968959,3.99021543334
interest,1.99732331821,1.57402462421
freak,0.424797074394,0.255128199715
marsh,0.0728732621864,0.0537630480361
maria,0.0615156609227,0.0393929611306
shhhh,0.061801222352,0.0443105172948
cloak,0.141858659377,0.0990087591495
solid,0.088808970153,0.162990378624
id.1,5.93457576362,4.33430990421
nobl,0.105280306644,0.0345519615158
swing,0.232479415573,0.142033587199
evalu,0.0176794715563,0.0492822583765
member,0.259610415059,0.202097939417
skunk,0.0444771089725,0.0391552421226
zira,0.0,0.103645473612
conduct,0.0964869982796,0.108878636548
buyer,0.0177240037336,0.0641546264243
instanc,0.166544288751,0.0730049357706
financ,0.132612003503,0.104086826408
protest,0.0618564657682,0.0345473261869
karl,0.0263527983447,0.0939158549994
dent,0.0262516713124,0.0340828766578
jake,0.0175953160322,0.727687164938
goofi,0.140660562471,0.0246100318054
au,0.0443470325796,0.0348560797881
plu,0.390560390653,0.30605020967
ahead,1.04256310806,0.701590375801
possess,0.257848775329,0.250135267926
prototyp,0.0,0.0836621985947
whatd,0.566372548796,0.541049423612
road,0.426142117448,0.554330551053
fifti,0.984940337532,0.599580228558
down,7.71799096428,7.075186468
viciou,0.0799647757569,0.0196246225281
destin,0.0264534355322,0.05922400398
ride,0.937602495752,0.724808981167
hmm,0.319517324394,0.172014609827
democrat,0.0352346470621,0.0843545968843
daili,0.0969718483355,0.0930103781653
remov,0.150835841634,0.227153846113
catherin,0.0353808802818,0.142598030366
unlock,0.0269157108085,0.0443767929641
hot,1.1080994924,0.681813390983
yuh,0.0870500972456,0.00974866019885
lewi,0.0264563683956,0.0444386284016
concern,0.49728297836,0.486791593043
mouth,0.815389831617,0.534714234092
didn,0.123200779722,0.182175293533
merci,0.079261717278,0.0886061501701
lotta,0.16225723812,0.0692047864561
sacrific,0.0706598838607,0.0542418559669
chekov,0.0713498882699,0.103246858552
rock,0.460659611497,0.374167861917
instead,0.593883697607,0.299302593117
egon,0.141290777475,0.0
sank,0.0539087036594,0.0743678352781
probe,0.0803240965099,0.0548235943766
pit,0.097488611294,0.0345585972504
rest,1.39994169409,1.17283635311
confront,0.0352042305565,0.0589277031604
magic,0.308703184706,0.142389104496
mean,12.2396463663,7.66144567533
similar,0.0888435821965,0.0836100198703
itd,0.274915182584,0.191470604988
flesh,0.115392146262,0.15213531575
bunch,0.549555825986,0.335512088249
donut,0.0537997372411,0.0839984384713
soldier,0.339598957242,0.240331732927
dork,0.0801387422049,0.0300520919804
short,0.664596753679,0.300385802239
innoc,0.268253208819,0.405108229984
fight,1.24377439582,0.926211656892
grai,0.0178405309002,0.199747872658
bout,0.499406123783,0.355255828764
befor,4.90402168552,4.82839871093
encount,0.0357558973441,0.0396238532125
lombardo,0.0,0.115751606236
arriv,0.257435108082,0.30061927715
date,1.8105377586,0.488733160746
worn,0.0351258038664,0.0344216328771
frankenstein,0.143128943178,0.004869228997
budget,0.105993987279,0.063429315937
gag,0.0622501114466,0.059102392221
part,2.21081467807,1.86771788372
forgot,0.715389577706,0.36265928134
blake,0.0792055251831,0.0738216742507
himself,0.769295851792,1.04493478952
facil,0.142046921719,0.0692350144071
thousand,1.73723405625,1.22473711833
frankli,0.1412214499,0.151958933356
whatcha,0.044486557488,0.049053189596
struggl,0.115920658364,0.069425294568
lad,0.169822558829,0.0884073520038
a,142.572017359,102.202064602
resid,0.124466907659,0.0787175365526
salad,0.192673226992,0.0247296033709
told,4.39286752286,4.18415139092
brother,1.82030339903,1.36643868703
rmph,0.145800434978,0.0
which,2.88374252284,2.02548980889
philosoph,0.124019891077,0.0242928417343
clear,0.716986961077,0.845004392101
cracker,0.0532041518187,0.0488881712648
zavitz,0.0,0.103995917622
tell,14.2068057428,11.8125796677
conclus,0.0712220684798,0.0934393660332
collin,0.194070599696,0.0245659655175
shhh,0.167006406745,0.11706243289
tickl,0.090505328492,0.00966850363539
delus,0.0265640592851,0.0879774370277
ship,0.554419431072,1.34649968669
band,0.479070071922,0.113837712546
naiv,0.0885516982268,0.0397318005102
sever,0.327371013063,0.34469433605
wreck,0.122261995268,0.143121897218
torch,0.035702782467,0.0540933137927
gym,0.0620793571098,0.0394058643499
bang,0.0715445333542,0.201672553314
man,10.1563092587,8.17732559098
aid,0.222256212186,0.103010446316
purchas,0.105782015376,0.053769457996
review,0.185630814177,0.0836874710273
lantern,0.00870301791922,0.0646853590852
new,5.78111624971,4.20596538714
nunez,0.0,0.0
wish,1.44878979511,1.03969304614
nest,0.0712616844556,0.117726061694
fortun,0.426794606819,0.226325271014
bud,0.341916740161,0.174352239233
excus,1.71595194589,0.938737405872
rattl,0.0442829875803,0.0490400629306
knight,0.295683930579,0.068849888802
broadwai,0.0532465349979,0.0293539918739
destini,0.17590705615,0.0837380496303
smell,0.645013667653,0.511203325014
rick,0.307506927165,0.024141750007
mommi,0.305363507499,0.253149798379
klingon,0.0625350168604,0.153261030926
staci,0.130623540793,0.0836797982014
calcul,0.0621416184537,0.0541615851604
signific,0.0531472957517,0.0443332550132
arrog,0.0805991357906,0.0343162959769
mac,0.229178013109,0.0684925474818
offic,1.55523258443,1.73611187324
pitch,0.197113032767,0.039229862338
detect,0.140951802216,0.868476090406
hood,0.0798676703884,0.0933201200926
relationship,0.593379784395,0.255168392744
sunshin,0.0889019832341,0.0197081903496
arlyn,0.0,0.0770227735604
gentl,0.0618504827403,0.0294139791651
heard,2.17459827424,2.34262669693
babe,0.460640505139,0.167017142029
beg,0.408458104614,0.210747527607
princess,0.385956705909,0.039267507796
memphi,0.0703290975843,0.0946406316403
addict,0.150710914005,0.0887646613859
incid,0.0977448920782,0.108258057146
reput,0.196480093549,0.141667168792
forth,0.0797220478756,0.0738778414875
club,0.59878561533,0.452441047656
theme,0.133479772295,0.0147726283403
anthoni,0.340554287298,0.0147003651541
corn,0.105828595609,0.0387818274214
suitcas,0.088599812453,0.112529887209
went,2.55794102028,2.36794919216
worthi,0.0633901278526,0.0784679844881
jessi,0.0181164122618,0.0635527718854
announc,0.212742410586,0.0693902448078
panic,0.168083389743,0.196113684205
pleasant,0.211882468841,0.0629775595007
bath,0.281653557108,0.147110736932
pauli,0.0269473173885,0.0584055171692
sampl,0.0443738991488,0.158195398227
policeman,0.0270178879681,0.117020165417
co,0.125184406349,0.0943764800229
sonni,0.0263882277643,0.252167854728
gave,1.59421590709,1.22762742709
weigh,0.0529843842568,0.0493790898353
attic,0.151221607769,0.0243771852924
incident,0.0884847779754,0.0340854397383
quarantin,0.0,0.0742162906909
got,20.9314070823,17.1466729048
napkin,0.105430624808,0.0051214953271
chair,0.282121486294,0.230990265185
grandmoth,0.212018198773,0.0634268517564
theft,0.0175256647255,0.0694395363244
disord,0.0523955952249,0.0493959539317
blame,0.539985077962,0.35774150817
stronger,0.0887550992183,0.0781346715821
perform,0.319279550178,0.236069313239
absurd,0.0881881229237,0.0587248146706
mitchel,0.112492702465,0.365764290419
cab,0.229406669293,0.379582390819
mutant,0.0707208495375,0.034732662425
corbett,0.0,0.0790965174795
travi,0.0267047654093,0.127127837909
erica,0.0,0.014449914217
pressur,0.258029126084,0.17252565861
larg,0.228955425859,0.295218305863
toddi,0.0,0.116641818982
gum,0.17776184865,0.0246336217159
trap,0.361948164182,0.31819853776
twelv,0.674548823229,0.418767987059
treatment,0.0796709245926,0.0540853005418
xrai,0.0529992103239,0.0540845117603
callin,0.0790956380616,0.0488563689204
rope,0.107037244798,0.245623358136
japan,0.0795727427793,0.039279194175
pot,0.133481030345,0.0692622533638
method,0.0800246072577,0.0887697450797
enter,0.277573334425,0.265807512229
confess,0.291724102735,0.167134576485
killer,0.231131855208,0.877888429948
constantli,0.0441225178028,0.0195323815373
scar,0.0267532817372,0.161273668677
concert,0.0440082060693,0.0442213144573
thirteen,0.106132801158,0.088483448031
debbi,0.247688169795,0.0437083020461
knot,0.0628558507284,0.0740567542373
pension,0.0523964053948,0.0341380183283
bob,1.33533652952,0.240697661085
home,4.488667533,2.82158490471
walt,0.169104983745,0.0593974301985
troi,0.0528187211318,0.0492674489761
argument,0.167734203804,0.12252688901
desper,0.34535193526,0.132371339915
jeremi,0.0261402634344,0.0579650795875
epp,0.0,0.0784709267991
havent,2.85824839008,2.03399697948
ugh,0.0714907242978,0.0294865554367
dewei,0.0178846606393,0.210143206027
dumb,0.337433601884,0.351028144281
deputi,0.017748096306,0.186882397875
phone,1.49254249127,1.73536088635
worf,0.0,0.149702710442
spook,0.0174236547028,0.133088160952
avenu,0.10659409104,0.0732822336574
hm,0.176051257773,0.0495063096119
keep,4.29263472189,3.97248516293
happen,5.98582519998,6.02429037771
plane,0.814494877527,0.712809857206
cartel,0.00895735577789,0.069108772481
brush,0.0715743677314,0.0631912423586
betrai,0.107223979709,0.118351938058
geez,0.135330856751,0.118828941464
spark,0.0711466779467,0.0293631601512
tryin,0.0981146156584,0.114477286599
injur,0.0709348145309,0.0735072118622
lauren,0.0266153007237,0.0975081484316
jam,0.186158942106,0.0882908766817
jill,0.0172486223342,0.0974592447015
mikei,0.184567618621,0.0291536670345
cocain,0.0266688609455,0.0843627217583
drop,0.885206993511,1.03384979918
harri,0.729616432595,0.726177638053
paus,0.0531401779994,0.0341233358258
space,0.436551703992,0.506346683755
sound,2.08701625522,1.72497091551
julia,0.00878081388564,0.064540689611
warehous,0.0262571505646,0.0935483023278
remark,0.115668235603,0.0982659956685
rum,0.0436042775053,0.0968733181417
snap,0.176255539487,0.12745144742
meantim,0.0799286010925,0.108065213754
candi,0.097314087672,0.113035114363
proper,0.115797799104,0.0777303281329
realist,0.107195946662,0.0487490352318
arthur,0.293251204419,0.0340753168786
sh,0.06201117489,0.0348920620671
survivor,0.0793568790782,0.0586144034575
teeth,0.31041534013,0.224256631617
de,0.36631480947,0.281807703161
sens,1.07892540471,0.937784822108
maneuv,0.0439816702488,0.0639872321444
poetri,0.142583962014,0.0488150378532
overnight,0.0806997756317,0.0789655764783
bow,0.107574245832,0.0794904728288
dalla,0.0359225258869,0.172163933041
discharg,0.0535935874586,0.0294408943117
bill,0.900465791459,0.680678052144
fly,0.852824062926,0.503261475316
realiti,0.142713064518,0.201529941001
compar,0.203398449529,0.0740514940474
upstair,0.420796012973,0.352945579493
pritchett,0.0,0.123804798368
terrif,0.398410745881,0.171968308192
anoth,2.99224771974,2.718536598
kiddin,0.0536003492356,0.0833077126051
unfair,0.123157102531,0.0490991464909
brace,0.0625378159434,0.0392987903428
chimera,0.0,0.133511591136
feather,0.0709875946065,0.0487921436868
regul,0.0612572996558,0.0446619700024
hump,0.0623335762949,0.0295536773696
thank,8.65857000582,4.41304366945
matur,0.124238043915,0.043979185688
valu,0.32042562676,0.113561545108
even,6.97065588759,5.11676998244
shoulder,0.0971673402483,0.192269243312
booth,0.0966900259174,0.0591406596093
ribbon,0.102509785795,0.0642814167406
ceas,0.0359563449556,0.0439799591084
base,0.48044999099,0.252138719159
dan,0.0438785864058,0.146129853031
smokei,0.100774680214,0.0
coup,0.0436232875624,0.0541999201786
thick,0.132357886392,0.0633184481093
bui,1.63285224453,1.28565022844
stud,0.0452060942758,0.034548188402
scenario,0.0445361628876,0.0491391424666
laid,0.374245796321,0.163182058791
mexican,0.0619000368362,0.122750074079
prior,0.0355864143739,0.0494791532585
bra,0.0706256452035,0.024646958753
leader,0.123751563128,0.123022638834
charli,0.666397760914,0.41647254593
fairli,0.0533524057633,0.0394266566206
nurs,0.388633084239,0.0978147075116
ahhh,0.0439598286573,0.0440409807638
texa,0.0624689968547,0.244681509186
lui,0.0175463148884,0.0659122347021
except,0.797423648154,0.716405539653
august,0.0176603736971,0.13706385736
sittin,0.0089747311255,0.0545612241555
bait,0.00897420824,0.108102565631
power,1.12098398967,1.03017535345
kansa,0.124484512632,0.0345933275831
scotti,0.142537762643,0.268259928231
swipe,0.0533249162864,0.0346737355632
videotap,0.00894233031966,0.0644630683231
opposit,0.166669531536,0.074164277383
expand,0.0718388066107,0.0542073474657
neighborhood,0.237990485273,0.194932567116
out,23.9824067938,20.3628302897
melt,0.0798563857284,0.0344755872886
difficult,0.398742533373,0.299895998424
crow,0.0,0.186013022718
occup,0.0531073487419,0.0590217460585
swine,0.133148502458,0.00492107252892
expens,0.406559505615,0.171384008187
brad,0.798072821367,0.0
balanc,0.141986670459,0.0397733043729
tension,0.0895316006231,0.0347657026496
smarter,0.053331441769,0.058688074687
team,0.574654182325,0.519020555104
salari,0.0885829804401,0.0540817890111
expos,0.213684360205,0.0835736293037
incom,0.106358738184,0.0645604314764
special,1.40298753362,0.652914735547
thea,0.0,0.194259144719
needl,0.0797422437442,0.0744317237724
aggress,0.0893187137456,0.0689103210491
necessari,0.265499601789,0.185937881969
burk,0.0173044679033,0.172741624361
uniform,0.185493323199,0.133922079712
crawl,0.133256537726,0.167253301371
hundr,2.15254121798,1.78229563805
radio,0.5898200303,0.629475269051
into,5.00162133112,5.15371916064
singer,0.113696165476,0.0736068861415
explan,0.0968986586597,0.201972372956
sollozzo,0.0,0.087635617867
beauti,2.28955962808,1.14577119157
whole,3.05017320467,1.97172784601
attach,0.177357997348,0.0835662544853
bleed,0.150274381396,0.230479036301
card,1.01523185293,0.565244621381
longer,0.443188165936,0.491644261397
good,15.6376856328,9.92615401079
draw,0.381232354176,0.270300761767
rate,0.282536866434,0.241284613804
enlighten,0.0353327039327,0.0444477844141
startin,0.017755013794,0.0542710334479
demon,0.0624393137585,0.225548585318
street,1.35950184896,1.04961650288
thatll,0.362693747314,0.240175155712
convers,0.433894964252,0.23174306675
nerv,0.335685222509,0.166264685899
telegram,0.11471085985,0.0147303454565
therer,0.0351253213583,0.0438713201045
stan,0.1724812914,0.094461051663
momma,0.0442753592267,0.0828937365108
nightmar,0.339479549362,0.268503990553
combat,0.0633938109179,0.0639152694851
brand,0.106913873634,0.0983558545226
greatest,0.283580055622,0.216490042502
color,0.701388877576,0.299630084339
sourc,0.220719194042,0.277371542715
swap,0.052861426171,0.0493552088138
preciou,0.131819851083,0.0493184975522
greas,0.0617163712844,0.0296749152862
manipul,0.0354048414816,0.0687445049737
blood,0.814274383662,1.07310137293
batman,0.008739718183,0.118573810601
hitler,0.118619936983,0.0345861644606
visit,0.424897911359,0.465344966803
india,0.0268072737517,0.0537282749879
poke,0.0788852969711,0.0441794649829
baltimor,0.113007855522,0.0882248283887
tear,0.318637087884,0.284796590353
fate,0.187002612827,0.0885388782922
cours,4.48687489542,2.65088935111
stu,0.29419545596,0.0731162719477
vampir,0.176045113736,0.187673660696
vessel,0.106732664991,0.15740860864
creep,0.2839959329,0.162172577562
margaret,0.0800307194598,0.0293016279069
bigger,0.293852532964,0.200928582608
error,0.0624361113064,0.0492216973485
repair,0.105916429694,0.0936641868539
grab,0.417009055192,0.364126600599
nope,0.291811374703,0.279772612282
period,0.231538243193,0.108462438293
construct,0.0896808427135,0.0987449267764
email,0.0268258243101,0.0502282675182
shinzon,0.0,0.0843087257369
activ,0.231280485696,0.25065433762
bradi,0.0705743253735,0.116323550261
sprai,0.0720089470436,0.0679162536431
steel,0.0710688991055,0.108194164657
shack,0.0,0.0938688002815
til,0.19803439729,0.34423889121
woodi,0.24734996822,0.00494569335691
roman,0.0265382712996,0.102414047025
risk,0.255686322267,0.472914521312
peach,0.0807365746121,0.0589903935107
instruct,0.116844784169,0.206693018657
plagu,0.0631558080676,0.0834447147541
provid,0.176542201897,0.138600904239
grandma,0.31561760339,0.063537286491
tough,0.618024083899,0.462323643939
schmuck,0.169060637204,0.00968547170436
souvenir,0.0441357057315,0.029103335438
stain,0.0807071773224,0.0545311312389
wine,0.540240119157,0.132223389258
carla,0.107104062684,0.0595219783376
mckenna,0.0,0.0916842211712
rexroth,0.15234395645,0.0
spend,0.899096780928,0.496980996098
i,205.146366831,142.514200641
susi,0.0554244053795,0.053899420745
brodi,0.0,0.0985985105527
far,1.35979090585,1.39780042551
sweater,0.142839161961,0.0297172917899
appeal,0.115471385546,0.0880596048789
vibe,0.114731506892,0.0248546348373
poet,0.15142661507,0.0243996311692
oz,0.107858478085,0.0391264090274
finch,0.134587960927,0.0146504368727
busi,3.06747368181,2.49990385716
perfect,1.19490694135,0.633262254453
boyfriend,0.56305409014,0.343714091799
lemon,0.0529294969986,0.0495438748314
hand,2.47227981233,2.14833644224
charm,0.433457630702,0.185989428574
sustain,0.0534312390723,0.0692834920896
retain,0.0713463811379,0.0293418523317
continu,0.293564735382,0.384595188768
hammer,0.206135816483,0.0390127697537
ripper,0.204015995721,0.0145102314171
personnel,0.0962079094198,0.0837049470205
beaten,0.0622312179085,0.0591469769653
remind,0.55181049699,0.278898336525
joan,0.0439182992362,0.0537749897257
witch,0.143787105235,0.182677115391
second,2.20723283112,1.68742462383
impress,0.735724868886,0.320748687477
hint,0.0964313040847,0.117233726377
avoid,0.203043463275,0.157165576122
billi,0.10795605004,0.360193815974
wipe,0.1773380711,0.161960955718
calvin,0.186536393779,0.0391250095495
shrink,0.202076260995,0.0737539971098
darn,0.0980785402348,0.0985392443652
is,56.6012649061,41.5295211424
show,4.59387022324,2.56918647936
first,5.78005992597,3.85334660496
intellig,0.240543016813,0.369908425107
kit,0.193843526847,0.121296297191
collar,0.0353867620618,0.108575939639
bundi,0.0,0.0981411516215
feel,6.98374630601,3.8941784501
martha,0.0638255963134,0.0431212041976
fortyeight,0.0355041054586,0.0491994743548
franki,0.149779230893,0.150763400564
rehears,0.151427685316,0.0540786972847
reunion,0.123556840354,0.0199946376905
previou,0.0532488188484,0.0392963023263
fire,1.4918032597,1.42078270987
specimen,0.0543309173102,0.0839803382773
exactli,1.99793821337,1.55260971622
gotta,3.10943665762,2.86038484479
claric,0.0,0.142997709036
you,245.10048677,182.268840581
psychot,0.0353209708101,0.0938828833593
liberti,0.114138297536,0.0244102497219
ever,6.09707270392,4.1450095733
indian,0.142803163974,0.340981309952
karen,0.0178037368952,0.0245259299966
ear,0.54883968392,0.429048489661
uncl,0.47908191773,0.369269338302
mar,0.0445000070597,0.242294219222
surround,0.11563269278,0.0639663666766
wood,0.465748693407,0.261369525735
airport,0.338466085089,0.200766383259
jean,0.070718805668,0.204141520515
prescript,0.0449512903139,0.0440511978911
occupi,0.08901225211,0.0389208996954
slave,0.106310703338,0.0692172103028
yup,0.133337993381,0.0731289437217
cri,0.159720474169,0.0340441519111
threw,0.326705893133,0.123570442511
extort,0.0174845723713,0.064070482758
cheap,0.361381502742,0.215994379552
melvin,0.120837727889,0.0
strain,0.124562722973,0.0634587310223
solut,0.123401027459,0.102695625792
skye,0.149560795192,0.0
packag,0.0880401632425,0.167350644615
young,1.80962271587,0.896548329139
agre,0.662371224348,0.451961927098
purs,0.158284549834,0.0736577409633
puppet,0.258552960096,0.0295886810481
clearli,0.263265758628,0.133082310856
ellen,0.104833141105,0.210201959025
serious,0.567428334584,0.211390457021
applejack,0.130932654752,0.0
threaten,0.219411402856,0.191707748778
swear,0.505529744905,0.564963972614
journalist,0.0618770271674,0.0739975640074
beth,0.0436068228349,0.0826979257427
feelin,0.00902260065793,0.0831170985947
danni,0.10557573871,0.307410944859
hmmm,0.220930511308,0.108525925893
stomach,0.167237846898,0.11698819865
certif,0.122922071722,0.0604967706915
them,9.76664189682,9.19373593415
wigand,0.0,0.132555835
electron,0.0891788263434,0.06433048755
surfac,0.053716789329,0.163282134449
op,0.0535443592047,0.0648675905983
edit,0.106304722612,0.0744332694277
backward,0.0973558509457,0.10339083032
buckaroo,0.293703670942,0.00993294565373
fare,0.0263541922834,0.0789634065145
mhm,0.00868691435523,0.0
cynic,0.106366234043,0.0242954199152
fee,0.151392479636,0.182909046547
blown,0.106091365904,0.11861357173
workin,0.0974889342794,0.0496752304531
eric,0.136269579109,0.259792119322
gear,0.169843091714,0.127676469052
chill,0.0966275893972,0.0890816096381
public,0.522166082869,0.602630621168
elizabeth,0.176009433293,0.0839725761388
dy,0.518793524428,0.35951764999
great,6.30617534733,2.35681267815
load,0.292334838333,0.458491997772
melani,0.0,0.0718792213712
unless,0.618660762768,0.67713204711
mora,0.0,0.152465954079
nativ,0.0527014203255,0.0343612855995
gene,0.053360202331,0.0546196526631
wind,0.299784141161,0.349301132577
code,0.426114133096,0.476323669481
bribe,0.0265261845266,0.0538410906171
dieter,0.15210345611,0.0147797170392
boil,0.0703553033684,0.0196390505325
deliber,0.0441851323467,0.0681785491952
ritual,0.070875369021,0.0741258713792
dolor,0.133256486658,0.00480651342402
pride,0.169026258828,0.0490219645569
molli,0.035547789926,0.0836635970995
felt,0.715673834781,0.544657249481
oswald,0.00906829077785,0.452791283586
drank,0.096637996262,0.0587024198055
el,0.0712807176024,0.197959028693
soap,0.0622381625306,0.113082978025
suck,0.721088013043,0.345138150679
psycho,0.151406709928,0.176881671992
prom,0.500319708465,0.0195027052861
dig,0.444662679845,0.314948629993
sword,0.141870717041,0.0693375074535
exchang,0.0972571685786,0.153279640369
duti,0.178895183758,0.271313339905
parti,2.20956587694,0.841088552129
juliet,0.0907333150737,0.0653665552448
seventh,0.088004085194,0.0485366751917
given,0.524814492115,0.437439259008
hawk,0.208028233461,0.0244130787683
fry,0.0526515561932,0.119239719107
thei,19.4681040406,19.3616019286
vinc,0.192736606086,0.0500773840156
notion,0.0716018789363,0.0490128437438
consid,0.530806955759,0.485551766584
upset,0.720898533564,0.386678626014
ve,0.355597683507,0.192335076324
yeah,15.3060721423,8.7403967025
compet,0.0801591704483,0.0588946928304
ticket,0.531310435692,0.322926683944
doom,0.114712073029,0.0148754095282
ski,0.0442053035163,0.118372112009
courthous,0.0721026377058,0.0343766913793
alert,0.13318876554,0.127855269638
tan,0.0435315655172,0.0545818621325
nam,0.0547144068404,0.0693481770303
posit,0.701460381368,0.673556415255
urgent,0.0974570639313,0.0986981370728
tast,0.594958739611,0.335645452839
makeup,0.141015307421,0.0486035944927
parol,0.035788452816,0.152451341705
schwartz,0.267174579142,0.00492385720047
doctor,1.54382928602,1.75202547246
aw,0.982606291728,0.38695747338
christ,0.752691836008,1.19024635324
scari,0.170308990799,0.190877354812
walkin,0.0090838391912,0.0690097714667
wrist,0.107101438552,0.0685306408946
cattl,0.0714829411922,0.0443189690528
truck,0.33409020145,0.466489814831
eighteen,0.229901626875,0.133224591225
ethan,0.0,0.200342380901
idiot,0.584523212422,0.315724291414
hotel,0.859373030775,0.874477320535
hook,0.361314491319,0.301012297046
notic,0.91029653407,0.628615669981
heali,0.13306289488,0.0
benjamin,0.781604491375,0.0147071167263
octob,0.00917823971694,0.0493258671293
ought,0.615020775667,0.321635810037
isnt,4.72640885425,3.18223659904
drew,0.0,0.0833405373774
whether,0.424266869656,0.377536058635
seat,0.553934067465,0.260437774423
matter,2.94224512899,1.87251794257
er,0.618697147654,0.172089877126
int,0.0275325588049,0.137249488324
arent,2.14356044794,1.44165920579
aubrei,0.0086399664874,0.0778891265999
lookout,0.0621984613557,0.0245835960077
gabe,0.0,0.117306849834
cliff,0.167346378391,0.0832882083563
hail,0.105716883941,0.0788325931633
horribl,0.301273913389,0.205539653903
heaven,0.587260316238,0.227153838889
hospit,0.599511777356,0.689501337035
whatsoev,0.0616228067011,0.0540976134365
supernatur,0.0624032155084,0.0347540313611
lot,4.38388009524,3.25455049042
establish,0.0972610506816,0.0692647005843
select,0.0620483332953,0.114202786359
motor,0.106919768927,0.083688260316
brenda,0.115210628342,0.00986888889424
guilt,0.0627811333647,0.0931620396184
glori,0.133267478403,0.0443483562885
move,2.84189527514,2.55009398077
rage,0.0797666948273,0.0293326702452
decent,0.228594920441,0.0889693309139
religion,0.0628632054008,0.0493845151412
pillow,0.0536153754858,0.0491010372711
sincer,0.0445318578321,0.0832126699712
steven,0.218770625779,0.144185967012
winston,0.044395170036,0.0487988143322
arm,0.773143492354,0.639183459184
system,0.673909294392,0.72333954537
score,0.47204326905,0.17708634942
isn,0.0703619619377,0.0445484418044
wallac,0.0442483628792,0.0638054435045
lane,0.0616375302923,0.0935699477497
burger,0.180313153054,0.0342532128145
bowl,0.224176021157,0.0891207952706
umeu,0.0914537958823,0.064575700738
journal,0.0709363454231,0.0685226192504
lonnegan,0.149560186274,0.0
teddi,0.116554973557,0.189997436685
pd,0.00872974627424,0.0646692822623
trooper,0.062154961076,0.0491050875092
puppi,0.0968906747987,0.0541575413293
prosecut,0.0436275878914,0.0641802576668
badli,0.141303294871,0.12738580135
thought,6.65587869646,4.64376227633
troop,0.0802524814412,0.0393898642944
forti,0.276276178328,0.289448605274
highest,0.0890421221538,0.0835457714149
dust,0.114800967067,0.163511291918
begin,0.910090966193,0.637854646131
lapd,0.0,0.0738330889625
priest,0.0613100154042,0.153208151944
turk,0.0615454407984,0.0544252580971
hawaii,0.105435337604,0.0247816822298
amateur,0.142687253073,0.0489865992086
honor,0.598789551953,0.305144678877
ap,0.159811790936,0.123112545451
lodg,0.0525300843967,0.0345110638114
lombard,0.0,0.226239802827
academi,0.0616397956934,0.0789314720278
gibson,0.0175738461302,0.131905944562
injuri,0.0531166605903,0.0640894649243
wha,0.0906918750054,0.00995259489588
therefor,0.0983492633814,0.0493928275836
victor,0.0984191451999,0.0147395793105
profess,0.0440775617142,0.0540883770108
strike,0.345228003563,0.211082078612
deed,0.43574088155,0.0585755527163
grand,0.488419776566,0.383995692097
penthous,0.0353596934317,0.0550928379897
yellow,0.150943508812,0.181792487952
insult,0.263706973932,0.112898099983
genuin,0.124106582882,0.0688977519827
ward,0.0444664753045,0.0782712278958
mi,0.0538757922933,0.0693884665237
stolen,0.275842535582,0.123087182102
banana,0.150829833477,0.0291734982486
speed,0.204995734099,0.226906978928
piec,1.14441957436,0.977630636014
born,0.461991085454,0.397422952417
oughta,0.0791516872891,0.195601122724
hacker,0.0176018706392,0.0943440846849
stream,0.0719527659887,0.0692290705932
smith,0.321609483576,0.141873668025
choir,0.149164223365,0.0246972706143
variou,0.072410702958,0.0545607823253
weed,0.0972563228101,0.0544080643002
boundari,0.0439620275991,0.0397528316994
panti,0.116506905532,0.0244322191943
accord,0.149876346382,0.242257942206
best,2.79786564064,1.86570789721
condom,0.0713279281664,0.024684711698
whatll,0.142107092611,0.102146514589
carlo,0.0607923310252,0.151807812528
promis,1.42003448199,1.11365234777
barrett,0.105889670094,0.0145705972043
pentagon,0.062023553511,0.0295787077194
sooner,0.26581261916,0.289247436705
nexu,0.0,0.0944671052446
bloodi,0.133770162888,0.398493188331
said,7.1344554934,6.07920361122
mississippi,0.0091690009337,0.0881966586127
legitim,0.0530132967707,0.0880387089984
syndrom,0.0965171793044,0.0345157925006
repli,0.0440854932781,0.0441349294642
purpl,0.107109021713,0.059234036578
break,1.74474818209,1.1086971446
wash,0.414297151228,0.324089591695
motel,0.106974325329,0.218685743698
wrap,0.151202192743,0.122713485315
fifteen,0.539478015375,0.441475180414
sell,1.05946554181,0.526348311313
bravo,0.123097975901,0.0148414070242
world,3.26770913213,2.45338135076
beaumont,0.0,0.0907939808722
switch,0.366727083512,0.280675954244
adrian,0.106275601966,0.0885141541379
after,4.28867264975,3.91983362487
vanish,0.0534535797198,0.0888757668934
window,0.769045775632,0.69868131887
interfer,0.106421565672,0.108051478406
countri,1.43002439868,0.82662327487
wretch,0.0803626424142,0.0346389463863
sugar,0.522200170243,0.176635099877
captur,0.0622713346929,0.103809118104
wed,1.92862710208,0.898472384482
adrenalin,0.0264505402584,0.049285800793
dorothi,0.131925963735,0.252156987643
jude,0.0175953876696,0.0779318029638
gorgeou,0.177160802412,0.0438532234618
corneliu,0.00872884365013,0.0889501300006
flip,0.0532144752462,0.157428513469
beyond,0.258127400352,0.207034131654
mix,0.221346778028,0.221445110457
bandit,0.0175814531876,0.0
rabbit,0.330307937393,0.0393220501821
rare,0.222498336115,0.157868157786
cecil,0.018359193171,0.0146119495221
belong,0.399337631582,0.382484513746
collaps,0.0799013063635,0.054415640333
resort,0.044533941191,0.0392878657386
cuz,0.0450525230766,0.120961490522
trevor,0.00897664352836,0.155190704723
lovebird,0.00886819901077,0.0865425280334
express,0.16006596686,0.205834648364
dutch,0.0352226062317,0.0591507562463
scare,1.16011633536,1.31337542241
kept,0.565954862898,0.449307387437
stephani,0.159765257454,0.0389486375821
signatur,0.0792028384199,0.137800740265
warren,0.106929672061,0.123268810974
battl,0.196032384022,0.112823282406
insight,0.0352335328689,0.0588647024534
next,2.53601605607,2.14534263515
lamp,0.0974373813095,0.0391011322627
trail,0.0798920898877,0.113207596096
kent,0.19793709408,0.0643918223703
forg,0.0266635271417,0.0646295528418
ran,0.496769182532,0.40222124715
proce,0.0885821523137,0.088914831561
shade,0.0356472412591,0.0491615892617
asylum,0.00909178412401,0.0884386483278
kubelik,0.303945561658,0.0
vallen,0.0,0.0665790634089
in,62.3636580602,52.2782114305
everyon,1.64982201673,1.13024027021
kidnei,0.0801009393189,0.0194347830312
hostil,0.0803119554401,0.103299311219
pie,0.258765197245,0.142515910144
written,0.222674449123,0.162155339909
bye,0.773833172357,0.230217755789
refer,0.19590075604,0.187028323322
explos,0.106721033831,0.163166517235
tucker,0.0889541429627,0.0341810592812
swayzak,0.0,0.0
lord,0.718696433928,0.321833859516
room,3.21443046711,2.5861731807
split,0.335008140558,0.354306326641
udou,0.13828776405,0.0101829484347
whack,0.0797922664251,0.141917753619
lo,0.0883259589303,0.167444158838
drawer,0.0702754609801,0.0827847769873
wild,0.231498317087,0.318153944572
hire,0.531203866498,0.621628632921
among,0.141118436854,0.168157583615
disgust,0.194414887746,0.0833600556454
pocket,0.301165536156,0.280834882358
margo,0.0,0.118539815535
ignor,0.223971238328,0.215592017148
goodlook,0.0962368641529,0.0347012737103
claim,0.262894264751,0.2218047483
approach,0.220385693163,0.202132029249
fruit,0.195674923057,0.0642662051939
raid,0.0706568800398,0.0395062403348
phrase,0.114911046986,0.0538238083385
luck,0.801251275623,0.623024135854
kevin,0.285024476934,0.108115972012
autograph,0.124076520319,0.0244732019175
core,0.0714733495002,0.10377363845
download,0.0181022979958,0.0641463239268
evil,0.720691666281,0.349053335759
strand,0.0363561521758,0.0495597043478
woulda,0.105999458621,0.103911395265
branch,0.114804266248,0.0492242066633
ghost,0.338613863102,0.324007651845
pack,0.538396536131,0.393038694809
robber,0.0527337472564,0.0683045899799
dime,0.114982473013,0.0689022390493
angri,0.396592190481,0.279637612864
ju,0.0528793897104,0.0404493857751
uyouru,0.108074984789,0.0348935920049
drill,0.0628934006403,0.103432330942
preserv,0.0798162370807,0.068892793795
serial,0.0364541793558,0.207299164283
option,0.0899258158637,0.245722743352
oldest,0.0178631463406,0.0536551050989
pattern,0.124461724794,0.226432419248
herb,0.0631935284983,0.00982741310708
row,0.194527624187,0.132136561429
ball,0.906625959065,0.442618044181
equip,0.168714311904,0.252739629239
drift,0.0889000620792,0.0591058230147
mike,0.38573033884,0.823797755415
tyler,0.0540362514388,0.188094250809
choos,0.362575993203,0.181051628269
nag,0.107862164131,0.0388228754781
bookstor,0.123798878591,0.00977109772951
happi,2.47210412261,0.929654269902
haircut,0.131969867228,0.0489978099217
candid,0.0702470270926,0.0342747373814
tim,0.105931185646,0.0643707481825
friend,4.91748104852,3.44430290432
sneak,0.141727237367,0.17930940934
those,5.06427076597,3.48614836144
wayn,0.0353173264376,0.256570809437
straw,0.0535521672283,0.0342495084371
cynthia,0.0804276816561,0.0104269648318
ad,0.248881809281,0.103015417244
two,6.58938748946,5.86628742117
eyebal,0.0367630907841,0.0349924688771
carv,0.0357972895749,0.0442096219462
overlook,0.0358059404284,0.0537710162422
contractor,0.0531187337197,0.0388182835043
languag,0.23295554953,0.231448497334
fortyf,0.105787219009,0.0394214526918
admit,0.477075789328,0.368056277251
slight,0.0722535450221,0.0393219210521
popular,0.313615936674,0.0978498548713
compliment,0.211868839403,0.102980779133
del,0.00879765801612,0.0593389029155
listen,4.01844575185,3.01721213524
mess,0.680388015929,0.421567051186
free,0.964302828518,0.629043354949
keen,0.0267687125785,0.0396014448112
noth,5.32169245704,4.57684713077
acquir,0.0701376510706,0.0443149144073
earlier,0.168114309011,0.142241818921
bluff,0.063021494589,0.0441463220565
twentyfour,0.123740397725,0.0789467013601
steak,0.0880933901257,0.0632371146307
california,0.0794715759181,0.202374869227
dial,0.0621235984154,0.0935592856929
industri,0.115430371786,0.0840321716637
hopefulli,0.0708575697292,0.0493012305873
probli,0.00891874901776,0.0640031179276
certainli,0.809019980553,0.488405360577
magnet,0.0623739930156,0.0745615578808
mobil,0.0350681410599,0.0641382711594
elvi,0.131700935719,0.0497954252795
parlor,0.0441022977279,0.054081723988
utah,0.0611645968488,0.0588944236849
we,38.9334612062,31.7198424759
phoni,0.152301291045,0.0788308496303
sec,0.106709541776,0.0740643028585
fellow,0.481076215713,0.23934082738
eagl,0.0442255947603,0.0687742205589
achiev,0.10013241301,0.05932274668
denni,0.149590956728,0.117665425805
head,2.77425119893,2.44046577777
bore,0.399782185307,0.264254761224
dyou,0.151987387382,0.182271678478
junior,0.2378626554,0.108392620235
bite,0.282159131581,0.271100424883
through,3.15466252493,2.87907007111
grenad,0.0264829304043,0.039577021107
phase,0.0450674071809,0.0648251062341
fabul,0.239902248185,0.0394300135071
diplomat,0.0174599501771,0.0985059558691
wrong,3.50879058559,3.17694008681
itll,1.03820869276,0.942024930282
again,4.57062268873,3.41111811679
dock,0.0174730833211,0.103261693737
bear,0.328841816078,0.276648007629
minor,0.222421538871,0.12342483039
white,1.26380578032,1.03025909577
environ,0.107614323752,0.0590157647285
patient,0.300425943113,0.342208255002
mug,0.132316704517,0.0840553085609
lighthous,0.0350735243949,0.0639860752519
upsid,0.0537628642043,0.0448191682098
nasal,0.0,0.00500956904203
navig,0.0355250265531,0.0498787988643
sad,0.389970997925,0.259951545934
research,0.15963496898,0.245558905606
case,1.5068887662,1.89159157973
gu,0.313017103844,0.0883673128693
brutal,0.052867141513,0.0687519838732
aint,2.08894842804,2.43190026651
sinc,2.26887950661,1.60186136456
nichola,0.0,0.0203462678803
intrud,0.0535124764823,0.0345472333027
dare,0.177646905266,0.13170622886
were,19.7427944983,16.4388007214
import,1.73559334945,1.27048657933
pi,0.0177557396755,0.0683891163952
babysit,0.043762960583,0.0436555523096
race,0.20335944852,0.172522775662
oh,22.6158463803,7.85557706372
flag,0.044714215492,0.0737048978695
shaw,0.0615836061128,0.172140629754
teacher,0.336383824626,0.112661547034
pimp,0.0882827738521,0.0988451836517
diego,0.0617393132435,0.05905511324
victim,0.116199251875,0.403229837185
anymor,1.31802155101,1.19257606269
round,0.374308278685,0.323282477347
rough,0.374007799068,0.176492860882
occas,0.14200613754,0.0888377556383
sulu,0.169455984641,0.118310193949
woke,0.176076952045,0.157104764635
chose,0.097213554262,0.0586442508359
convent,0.421405741557,0.0774161500293
prioriti,0.0619132672552,0.0883874625936
treadston,0.0,0.106735302315
drag,0.335640083654,0.181900994374
maud,0.223747666207,0.0
monster,0.250694204809,0.375770087795
ic,0.602235579621,0.254712030173
or,11.9125423813,9.90273524165
gener,1.15454026189,0.731325440114
penguin,0.0892589014335,0.0196136956937
earth,0.782177273689,0.477172421769
dc,0.0616208433552,0.0749212799597
cave,0.170221468322,0.0987165006335
fleet,0.0176142133607,0.138134670511
wrote,0.628151343633,0.377091004518
goddammit,0.0439727995914,0.133050899246
venic,0.0985127774476,0.118254713815
wade,0.0182143864455,0.260401154271
spoken,0.124139870808,0.13713698607
unfortun,0.267950420893,0.147301521482
campaign,0.144908097954,0.0541471224377
fever,0.0888611218166,0.048771450292
marcu,0.00884885352058,0.119143990825
almost,1.28986167259,0.976746739137
these,4.90257263704,4.26482598673
sick,1.09093157652,0.889499900615
reach,0.555952920106,0.554815056517
screw,0.699824598723,0.448370025101
grace,0.152406612724,0.224624480962
anyth,5.82092404529,5.39219566612
empir,0.248707678537,0.10811427826
rack,0.0792677735926,0.0296403292792
nell,0.0,0.137397326137
divin,0.098657367152,0.0543457099153
violet,0.0173520858066,0.154860825499
sing,1.02623298328,0.24919609799
friendship,0.141457583063,0.0538735773148
loomi,0.0,0.0825611802352
basebal,0.399591771327,0.0834064361379
stood,0.114066373388,0.121940113798
clark,0.133584461782,0.102922694257
bottl,0.274057962225,0.240578983994
marylin,0.439109050946,0.0
sin,0.257260606428,0.0828593314731
juli,0.190219512305,0.246699691186
halfwai,0.123790677707,0.0544695106449
spanish,0.0625958831563,0.0928807547829
hannah,0.300528642303,0.039812542989
shower,0.344886356896,0.209679376732
murphi,0.0535254440768,0.0591728013883
pal,0.731855174867,0.225560545886
why,16.4011604791,12.6831502769
leagu,0.342784374482,0.0934786667506
our,8.54632197783,6.26123487079
die,1.38055214309,1.65480291316
glad,1.32515214486,0.597431742718
depart,0.317745929575,0.481058827456
mightv,0.0615864158627,0.0735623775393
deborah,0.00866709023124,0.0741036686702
spent,0.469475441814,0.309083344242
heather,0.384282815427,0.108156448469
grant,0.409605983366,0.288646280084
delici,0.115218623272,0.0295485619091
bloom,0.110096978119,0.029568222516
halloween,0.0536148064428,0.10279700336
selfish,0.186467242392,0.0445467470226
mack,0.0354446591426,0.0290227903728
pleas,5.02666651817,3.52505823295
later,1.74889871068,1.23374423308
tomb,0.0707902516648,0.0489947357552
veri,8.94225260055,4.60969947032
al,0.455614902111,0.333198262279
filthi,0.125415362174,0.0390877764473
bein,0.0619842052149,0.12782751424
cream,0.301211944669,0.152326480993
invit,0.652710686369,0.303829535398
ay,0.278394676901,0.276267080598
mountain,0.221595610746,0.230290749038
tax,0.309963834428,0.151596843681
liquid,0.0797270245012,0.0445770195473
suffici,0.0540851117954,0.0344867332416
start,4.25860508034,3.11818664477
particl,0.0268458187888,0.0496597452615
taught,0.220772532035,0.201227505439
worthless,0.0620833270307,0.0888521582175
caitlin,0.381332557463,0.00483710367718
paperwork,0.0180126570576,0.0444766545004
duffi,0.0,0.0489549643564
fade,0.0900062535206,0.0539612539488
lothar,0.133110722295,0.0
courag,0.144952862737,0.0935114497529
puls,0.0622581817719,0.0639881656136
fighter,0.0354598534626,0.0547526580995
galleri,0.0792450814382,0.0344135584221
restaur,0.299584021668,0.15678342698
sky,0.167644914058,0.156855225543
hollywood,0.196456989651,0.162123208398
accept,0.389184973936,0.334024685861
trip,0.67466890086,0.526424476801
grid,0.0442999285604,0.0439566659859
vigo,0.176157505534,0.0
cellar,0.0177171431397,0.0637635088309
urg,0.0618125203443,0.0295503148383
recal,0.195049300467,0.196859348759
task,0.0617275377574,0.0842499510057
nose,0.626684051296,0.299922961761
circul,0.0788212271866,0.0441271361237
sperm,0.0538492039716,0.0295460529044
experi,0.85822217801,0.540716551387
rust,0.0181989397292,0.0639133615197
thirtyseven,0.123284968218,0.00995046631107
lame,0.134294546041,0.0349438123245
editor,0.237622925079,0.034171503021
univers,0.488059305459,0.351288959777
children,0.887003288103,0.794881193843
slug,0.106217094527,0.0395247343387
ration,0.123444401697,0.0249365032685
adam,0.453067564485,0.0491433009449
mailbox,0.0175994120984,0.0534658084096
twentytwo,0.0794868512191,0.039687496343
reveal,0.0898847778856,0.108220077743
eat,2.05364988525,1.22729070699
tobacco,0.0971300802731,0.0783711120986
schuyler,0.225577115485,0.0
widow,0.0973900647905,0.0588448969837
forgiv,0.512077022295,0.288913437902
punch,0.321296250969,0.108404259916
transfer,0.167772669656,0.2221685933
humor,0.275580781585,0.137714167706
thrill,0.185562351492,0.0933268585334
jewish,0.218274713237,0.0295037863972
elbow,0.0790954874704,0.0344750721958
teach,0.646725915866,0.348284319069
flush,0.0529529190451,0.0641430529425
pace,0.062007840366,0.0738497182962
copi,0.399495452675,0.423652749648
locat,0.159889062704,0.359741417223
senior,0.194586671543,0.0926203829415
mantan,0.30676842237,0.0
auto,0.061875750552,0.054663639566
chemistri,0.0616390700515,0.0391862114239
bolt,0.0624776189213,0.0443168369663
steadi,0.142021163335,0.112883556664
kick,0.71021905167,0.472419149357
ego,0.0439269221999,0.0640143255995
underneath,0.0799191281346,0.0493177515404
approv,0.0894275980979,0.108953994717
cloud,0.115340136839,0.0833749973789
studi,0.619555059529,0.515116521382
hunter,0.0177538646836,0.175244840007
clue,0.176491151437,0.147108588766
roof,0.142585627477,0.142529037475
french,0.557128679259,0.245402936595
billion,0.159404778356,0.172419033774
streak,0.0804406588773,0.0147485649871
chauncei,0.709045074427,0.0
judi,0.0703290754047,0.091386657809
cost,0.618959411669,0.387641655158
campbel,0.0879602151235,0.0294498030371
contrari,0.0889650035766,0.0445263331734
bought,0.554972618707,0.323061304722
negro,0.23384652989,0.00979519119427
seein,0.00898039855316,0.083945070898
area,0.168398462808,0.403927500865
testifi,0.0887679829327,0.0885935304076
remain,0.169185475837,0.221490664499
summer,0.63448244275,0.22544508107
dunbar,0.0,0.0
racket,0.132411960004,0.0538087361844
no,37.6105533073,27.6089422045
decis,0.503490872779,0.215153742049
gardin,0.639357520068,0.0
miami,0.131730477355,0.227918897515
dark,0.525110623941,0.803827896974
bird,0.471859515417,0.660948427144
reverend,0.210157150233,0.014880107818
loyal,0.0529826763785,0.0586859807855
clair,0.170081953085,0.203053735466
master,0.590813056848,0.177487656818
finger,0.372602696082,0.333319793933
stink,0.205007177712,0.103219697843
expedit,0.0446878858012,0.0790565245876
skip,0.307920623839,0.128232904121
pardon,0.487560485458,0.176947147837
jone,0.10711881965,0.222016486093
fals,0.0979857166052,0.108671195755
toe,0.21659350152,0.0498427685719
gal,0.141348773496,0.0392407949555
might,3.53425954044,2.95548603583
approxim,0.0267003179421,0.0590867297448
norvil,0.26026720264,0.0
sheriff,0.123510996017,0.431879544138
behav,0.1323290145,0.0590214448572
punk,0.132592497772,0.108319186363
uareu,0.145542896424,0.0298829563431
inde,0.39068028312,0.128406986897
maximum,0.105893113332,0.0299741666921
vernon,0.0,0.0196077833902
hide,0.52367248135,0.685185470809
hampshir,0.115321958867,0.0194685046913
put,5.26184895039,4.16621208612
shh,0.124220365076,0.0584213529986
program,0.40105727862,0.32578288808
plan,1.7831250508,1.4142123981
scratch,0.211627682905,0.156771514932
ban,0.0176389893382,0.0498372490361
adopt,0.125382208973,0.0342247645435
ninth,0.0536627177342,0.0297239879454
gui,10.2393983444,6.58708701506
physic,0.339043882142,0.325243601056
enhanc,0.0265314114596,0.0547780188011
dead,2.56382981746,3.79351745924
bounc,0.106336623559,0.069481141045
perspect,0.0708490728317,0.0442479746295
column,0.087550910134,0.0632345412997
refus,0.211856811971,0.186406189897
knife,0.203354007856,0.270705304595
dragon,0.0969917809439,0.0541477806741
caesar,0.00875714971993,0.328660359625
spacecraft,0.00880787527671,0.0147624774813
step,0.636546177233,0.5789528275
genet,0.044260557478,0.104643792659
bowler,0.0349444091562,0.00486941617655
driver,0.247773596214,0.291115181826
result,0.141158463783,0.181656601412
bishop,0.0350285988797,0.0553269161786
crime,0.35457261982,0.432437261988
ram,0.117562791166,0.0495816054271
howr,0.114834526372,0.0885360477721
st,0.275101975822,0.158082851823
memori,0.487131568698,0.554274656367
dana,0.368714288512,0.0339976788776
upper,0.0708429176675,0.0445173801856
front,0.972963631916,0.85976664539
twice,0.362961852399,0.353067636022
susan,0.0446615397002,0.0541382752305
whoever,0.159494804777,0.362939537709
know,42.6361162069,34.0991018619
actual,2.71757712131,1.0823410443
war,1.44255886814,0.78207419609
egg,0.344159917577,0.271785034355
johnson,0.169411205889,0.0785183896466
island,0.203457191527,0.506920794936
pervert,0.133181082306,0.058210385311
muscl,0.0881621851803,0.068638052625
darryl,0.00877115108041,0.101082045109
umm,0.0711175146517,0.00974752128361
fourth,0.0880852063624,0.12327809419
fresh,0.264322650351,0.157197863291
recept,0.095783992588,0.0637983177327
crack,0.309401805661,0.176394176529
vote,0.258599401447,0.10318700359
betcha,0.0622604040626,0.0197618040652
skywir,0.0,0.0783623599649
donovan,0.125192624475,0.0344778545307
societi,0.311743497595,0.122749319709
uncomfort,0.10664292259,0.0532550781372
commit,0.364111765261,0.248537809493
mai,2.52552504824,2.26498952216
april,0.159180618856,0.058734958748
purpos,0.274101018714,0.256370587244
stare,0.25528303402,0.152947965219
common,0.309191497038,0.230961917735
campu,0.0620272192785,0.0394689534018
mask,0.0791817766619,0.344376420991
opera,0.288708957941,0.0542699025699
kennedi,0.0446340387174,0.251878537791
bree,0.0620773930754,0.0722088502129
acm,0.2052451095,0.0
dug,0.0538083843224,0.068562212512
climb,0.19575200094,0.245380523402
chicago,0.317106220242,0.127663058584
ey,1.81006923823,1.51084192005
pinta,0.0,0.0777326890923
lack,0.152098426757,0.112862093519
hung,0.0982240987458,0.16726018332
camp,0.383448995152,0.217212363258
clinic,0.105111542003,0.0785346728519
spat,0.158971090678,0.0145827761268
uthisu,0.110859251894,0.0151835825968
sock,0.30833271168,0.0540860389528
dawson,0.13045109719,0.0
museum,0.114947228669,0.222356498116
vacuum,0.044514900775,0.0148171961786
leap,0.0971632950533,0.0344380771597
romulan,0.0,0.128993830518
soviet,0.159680625759,0.0937500355221
freewai,0.0796408169045,0.0685064380206
half,1.47667645037,1.20708211176
profit,0.186596652337,0.0882524603761
iri,0.0181676783824,0.141828482509
real,3.28457074138,3.02058585569
client,0.433792175229,0.293395876113
an,13.1527610926,9.86652474362
dynamit,0.0795146448307,0.039224322546
eugen,0.0,0.0928812699603
nuke,0.181365815557,0.0346629523433
robin,0.0902413554847,0.101987959503
rub,0.310321518235,0.0637478749531
gloria,0.114725915811,0.0484032504329
becam,0.283887225462,0.271326272803
deceiv,0.0449310028716,0.044421758056
distract,0.140470053448,0.0584845560103
matthew,0.08795987386,0.0497547265456
ken,0.0531494125918,0.083356014993
where,11.0311023962,11.782789696
america,0.559249965053,0.294482829463
bela,0.369254658385,0.0
often,0.380087599589,0.269077082458
sox,0.123352757915,0.0292494196817
dear,1.09884699047,0.558608859424
partner,0.363582752437,0.586346396632
devil,0.300668631306,0.264205286083
harm,0.178199664507,0.205610054371
shotgun,0.0359665395694,0.137885567438
adjust,0.0971816433578,0.0928205957584
scheme,0.0904080104186,0.0493850253018
let,13.0072541862,9.02678339426
trash,0.107076167297,0.1125369061
sherri,0.106514190417,0.00502819655729
script,0.314045694561,0.151475426633
join,0.643832753232,0.43324756467
clock,0.2859869794,0.123239630781
allison,0.00917823971694,0.0485112987173
confirm,0.135363025727,0.201875750941
clau,0.0444635511148,0.0634229451021
probat,0.0622569448849,0.0344425622952
rhyme,0.0787723331286,0.0296372796823
whale,0.231887136877,0.0398838277556
nsa,0.0094168628513,0.0742320081572
gruner,0.132128047041,0.0
somedai,0.283602263021,0.108156172051
tripl,0.0,0.0693829465127
forward,0.282362387271,0.29218717201
pool,0.372854419798,0.146963946155
flat,0.177518053948,0.147224124163
sole,0.0272413635729,0.0388542695836
american,0.774613750124,0.589175536901
pentang,0.0179228184059,0.0631392545518
grown,0.123381105117,0.0881883226077
frederick,0.249205382451,0.0101690978674
perfectli,0.345212504352,0.181370161901
potenti,0.150580394328,0.103331972925
mccaffrei,0.0,0.0
form,0.441832426066,0.360061785826
nap,0.117845410017,0.0247000287891
slide,0.0796390234263,0.0731842557607
elev,0.280465889454,0.129639227827
thelma,0.0,0.250298397414
fink,0.0261605236374,0.138709355766
pumpkin,0.0692324415118,0.0545849053248
lilli,0.00896140920297,0.12997832763
farewel,0.0892758596123,0.0148422401993
swann,0.0,0.12631111017
meal,0.219796633153,0.0833411731288
fergu,0.0,0.150951901473
mention,0.626846705941,0.524572133323
cant,12.3421556533,9.9285887605
pain,0.468497618113,0.541173503236
tri,1.11648777326,1.30547718374
ok,1.24803062482,0.770900565658
crisi,0.133926104159,0.054554926238
jose,0.0181365815557,0.0708329230902
would,11.6965656677,8.83083502686
beach,0.204394587452,0.408265602002
size,0.185661818756,0.245668297018
angel,0.256041632977,0.308921354078
cancel,0.202788753311,0.118249271881
tuck,0.0530378442119,0.0589169306233
cook,0.483435915941,0.152456895368
began,0.0707851993913,0.0976281755801
pregnanc,0.0264447391415,0.0388981612115
king,1.24875619015,0.409154438123
finish,1.21500894409,0.892847723367
automat,0.0976959842433,0.0688692735939
overwhelm,0.070518201586,0.034475073423
fast,0.808134238689,0.808949716386
intens,0.0711601846871,0.0743356403677
translat,0.0528379141947,0.0788210135393
sucker,0.212700467325,0.0979273232173
etern,0.13296140362,0.0886522507472
still,4.66612322953,4.62676323114
beneath,0.0621519130509,0.0345801422521
funer,0.320758924795,0.142551759773
immedi,0.353823966024,0.236651413498
prai,0.229979379784,0.108529493258
theatr,0.23459004458,0.0540057478632
ceremoni,0.115351256153,0.0884687783949
pregnant,0.212335704832,0.103126144344
capac,0.0366897602868,0.0939493098963
dya,0.0363238681977,0.064418784232
killain,0.0,0.0968116978938
maroon,0.151891733795,0.0099691725003
sammi,0.0268121757576,0.111284759284
gordon,0.0789641178002,0.272940919317
bother,0.656581896226,0.768187251194
hah,0.0789004424596,0.0444681873969
cartman,0.136687907792,0.0
crude,0.0439013505884,0.0443983530781
bedroom,0.290518629362,0.195679534314
mustang,0.0260738535919,0.0547440146359
offer,0.924996210483,0.543995367706
path,0.106912242338,0.0885060369781
doyl,0.160663986151,0.0880470578292
viktor,0.0,0.294275939795
iim,0.0794693695093,0.0502793858365
buff,0.0360501865803,0.0
disk,0.00917999168093,0.211153946424
birthdai,0.500793561017,0.206277778726
kilo,0.0,0.0652184107886
lap,0.087765466786,0.0734626123506
am,6.74772790393,4.48854578085
poem,0.186778281194,0.0146556083741
least,1.70518747123,1.25569866497
pick,2.17002864327,1.55019256844
pad,0.132711587401,0.0349395884902
slowli,0.142772143564,0.0781784588161
garag,0.212309299679,0.147680514206
person,2.90366409732,1.89817741812
permit,0.0988041126888,0.107687201094
further,0.185364680518,0.231730065137
connect,0.293162756914,0.467126102146
surgeon,0.176421452106,0.0788628136832
freezer,0.0347986218043,0.034438953853
obviou,0.210761186574,0.201428963299
dinosaur,0.0355157327875,0.103169126071
audrei,0.0264504299757,0.108454925914
furnitur,0.0883931454898,0.04421072409
scientist,0.169184142107,0.171884531378
roll,0.555903517254,0.32632216285
collect,0.440108586817,0.271668399565
chat,0.211752024084,0.0785175713296
attend,0.212891627673,0.0830588929104
document,0.115527253322,0.122689378974
chapter,0.0791175943888,0.0643768105038
death,1.09509605896,1.36022787808
venkman,0.265017914832,0.0
fingernail,0.053243577328,0.0343641691669
sweet,1.00076870217,0.378085645546
ol,0.152385462086,0.14233849693
stalk,0.00867259607888,0.0833336349038
salt,0.0982983415767,0.068464975311
tobi,0.079583033993,0.173013280456
camera,0.424423203461,0.39425921012
entri,0.0268089250776,0.103634423062
congratul,0.423119609853,0.176654111592
inspir,0.203507712203,0.0637521002152
jackson,0.0986577235774,0.0636267190061
simul,0.0356392944654,0.0890458605508
friedman,0.0,0.181975493578
pale,0.0801875203955,0.0389653079162
kathryn,0.0,0.0537968881306
somebodi,1.95254759836,1.87622961089
splendid,0.0612370347483,0.0292872691991
eighti,0.188083256242,0.108277296824
eras,0.0091125271861,0.0984245632127
digniti,0.0444051668705,0.0349206191565
swim,0.284160516821,0.260651044522
ly,0.398052296353,0.476075122466
star,0.737762957572,0.424748576669
ye,16.9177499576,9.07293410987
shy,0.0793196891507,0.0544858073126
pin,0.133955855735,0.220911821126
outpost,0.0,0.0783623599649
rais,0.613448599757,0.343785622488
yah,0.0906705575563,0.736567363715
leopard,0.0282505885539,0.174041603859
exposur,0.0178192532871,0.0498005482746
puttin,0.0356901557693,0.0539958182644
martin,0.149657507971,0.35204345249
chip,0.212305179505,0.203030616172
somehow,0.247070102993,0.348657070265
jaeger,0.0,0.0
silent,0.088111986192,0.0542325589181
fact,1.41561048407,0.927559562893
ni,0.25977654408,0.0099474365633
tub,0.0791206744828,0.0543895528146
bag,0.585410382064,0.559855007818
initi,0.141752247051,0.113709956732
buri,0.149869451355,0.433424078822
council,0.053859281214,0.10899651356
andrew,0.178593473239,0.0343021664285
brazil,0.0266993506383,0.0591206298033
neil,0.027307228352,0.141521174042
suit,0.695567745123,0.597380814045
aliv,0.66436214663,1.04337307845
us,14.5676674317,13.8488224931
gabriel,0.0706957023399,0.0982950279606
expertis,0.00886510512179,0.0741173186042
secret,0.841556639694,0.854040959345
cherri,0.0980422044827,0.0782740946218
crippl,0.0716674217721,0.0931460281352
cross,0.486491566074,0.476256066129
silver,0.158686250318,0.0838944721844
thief,0.186530302318,0.147865794517
whip,0.107155135959,0.0936962100218
insan,0.415418184685,0.33361426825
riplei,0.0088412955034,0.202402206242
foreign,0.316426028657,0.0936417352742
ted,0.722591638751,0.103698407821
glimps,0.11400322544,0.0196516194169
lebowski,0.380488351513,0.0
me,59.3763940682,46.366507266
peopl,8.35773303351,6.08953573666
koessler,0.0,0.0
minist,0.0709922273944,0.108552154937
kristen,0.0178681244207,0.0973611601522
faze,0.0,0.0
payment,0.139974111069,0.0936984856395
dean,0.107242280234,0.167679518801
regret,0.18615093667,0.132216514153
histor,0.0893471641369,0.034505820788
slaughter,0.0806115500505,0.0828561767457
near,0.48194887999,0.555447749177
popcorn,0.0704581834026,0.0635321416721
japanes,0.107342920293,0.094171589252
fuse,0.0809165498851,0.0492279168786
lucki,1.03264573132,0.736166127333
mous,0.0540878656902,0.0539738368126
wherer,0.0804040240858,0.05944065565
powel,0.0,0.0951352947354
vanessa,0.21526581376,0.0
inherit,0.0716686447059,0.0538917206699
meat,0.24909511124,0.127844432372
sang,0.0707631496283,0.0146829876837
bert,0.11699761674,0.00494569335691
scale,0.168210574738,0.138576134075
scam,0.0880758142241,0.0637347747696
servic,0.637009039881,0.549533487881
porno,0.0888795402572,0.0633315407857
spring,0.408780043894,0.0791411830961
storag,0.194512996525,0.109046621953
small,0.939815417804,0.69648242147
thing,13.9349714501,10.2120007037
tragedi,0.097610315539,0.0736831034891
makin,0.0887062322989,0.103594270873
just,34.4843441862,21.9871447003
costum,0.143552303872,0.0733016844062
averag,0.122717609728,0.0789539854712
experienc,0.0357676046299,0.123488369293
click,0.0619881310482,0.0834869309541
lose,1.40189345726,0.958366541034
folk,0.383317585323,0.261330650534
danger,0.566883911381,0.819676710315
mayflow,0.136311558463,0.0
more,7.70636794525,6.48754187785
view,0.327023459878,0.191428554151
jasper,0.0273594340045,0.0683988887088
hostag,0.0453867513434,0.197640604531
swamp,0.13315230262,0.0829479180561
cup,0.467866558405,0.206949833916
hatch,0.0621258913659,0.0498251145604
echo,0.070428457798,0.0590733760615
cindi,0.174757474856,0.0290807086161
buddyboi,0.130485077474,0.0
depend,0.442151666779,0.348517598794
rang,0.168109449144,0.197426652892
harold,0.681437026537,0.0290577355111
instrument,0.0974659681513,0.0543560299465
deeper,0.0445976919019,0.0737381964788
beam,0.159844602356,0.222408663736
fish,0.511268166612,0.584180815656
writer,0.381407432875,0.232088827906
stir,0.0527686202779,0.0689205734021
penelop,0.0,0.0
react,0.0179940945424,0.039289012141
knive,0.0533162813929,0.0491245034241
mafia,0.0884422234644,0.0540511134021
carter,0.0174721041669,0.127292813069
whod,0.132725846687,0.127201212501
lincoln,0.13238560007,0.0340723368594
swell,0.466746724908,0.0684926024101
boat,0.435385038196,0.942083609879
certain,0.681935841649,0.521364157129
jet,0.153043246587,0.0800776331213
steal,0.389067452527,0.393898147097
safer,0.0701054270033,0.10326395609
larger,0.0352140420484,0.0641531538076
magazin,0.337071195486,0.214925216553
edgar,0.0089747311255,0.063467586456
pittsburgh,0.0440163764054,0.0341028463345
committe,0.0350688105942,0.11821935903
truth,1.18840194623,1.22337603121
green,0.347720899415,0.260967637734
over,6.99927698801,6.08332290005
prevent,0.10639805335,0.113465618033
impati,0.044042815913,0.0441403931569
tv,0.860612907927,0.59316528158
ian,0.0967648642821,0.114076717119
alarm,0.204887910969,0.246657921357
boom,0.122582781459,0.0837515115455
tripp,0.0,0.0
basement,0.0801082367084,0.187021141617
torpedo,0.0266351300836,0.198783808506
such,2.31823864716,1.16715087696
sir,5.92406084085,3.56287917738
whatr,0.366016402398,0.448203034741
jump,0.664575035322,0.417519163883
shari,0.146613289841,0.0
kenni,0.16330261343,0.0977170244127
oti,0.237536845549,0.0
sweat,0.220157622291,0.157147628123
spine,0.052739448617,0.0496740869577
everybodi,1.83950772442,1.12616729557
salon,0.0440869278959,0.0444260143584
asian,0.11580798588,0.0246057098953
miser,0.283995319184,0.0492380252083
church,0.345384735564,0.356899165677
trust,1.49208093616,1.43334483656
peac,0.418384782586,0.314595336469
surveil,0.0539623281287,0.108913344085
understand,3.27143681146,3.11273871856
picnic,0.0794867939832,0.0296092036571
skipper,0.0175077479385,0.110851243428
bodi,0.957732478095,1.38876411717
itself,0.213723633238,0.232689817838
mental,0.150962895272,0.177319175981
come,16.2661230814,12.5002658325
shortli,0.0352279034471,0.068740118308
bizarr,0.0442540000429,0.0492073034193
evolv,0.0530824307456,0.0740140316819
tea,0.291184645343,0.156856822903
known,0.74184170481,0.735516920783
unlik,0.0618960818562,0.0988031249436
arni,0.0175616277713,0.0832507037911
whistler,0.0697370260489,0.0595593894833
firm,0.220324268765,0.103929648398
occur,0.195369623613,0.206663643102
grandpa,0.0972990892325,0.0394743687093
traitor,0.0532019529335,0.0635593724035
that,88.7240943323,64.5911389389
gosh,0.327251589131,0.0489947664904
wynant,0.0,0.0
hopkin,0.107758168062,0.0296127177257
cough,0.0533756214773,0.024591712601
butch,0.0360468416162,0.0247628834852
agn,0.0178300767168,0.338688753689
wichita,0.200635849366,0.0
tall,0.203138925929,0.117869300427
sent,0.689953888346,0.944742398835
manner,0.247697195856,0.121861981981
artifici,0.0266141756193,0.0495157489916
dumper,0.0,0.110720236993
palac,0.133407520308,0.0193556397562
track,0.407632488275,0.507914246624
twin,0.0802655545419,0.0837628327835
darl,1.02095272323,0.282948892334
stark,0.0,0.0910809095639
despit,0.0799107632915,0.0247122580778
alvi,0.0,0.0
pen,0.211166195426,0.142938706558
wore,0.149786339436,0.08769421907
ani,7.51958535708,6.70280416639
marshal,0.0441518801891,0.0783531267722
deaf,0.0712761459412,0.0436370627945
stretch,0.116002003493,0.0882341890926
chopper,0.0443648502335,0.0882751697941
coloni,0.0902613922003,0.109385063082
shaft,0.00917823971694,0.0639418820879
pat,0.133394134832,0.100099787823
hal,0.0,0.136110907718
allow,0.63013507128,0.374056258061
knee,0.237256570045,0.196113219803
ugli,0.354379366005,0.201561329751
combin,0.142084213169,0.0838486701416
sheldrak,0.277893084945,0.0
wall,0.494809787008,0.490529557618
complaint,0.0524093358359,0.0541876084266
understood,0.203900112676,0.250132547716
varieti,0.0715484888332,0.0243329615306
roger,0.471452159102,0.192747562583
page,0.409379761423,0.28423267637
alphabet,0.0264057497797,0.0392829871162
men,1.8456625471,1.60309197725
palm,0.107430414,0.068278875237
terror,0.0535795640457,0.0882028441143
li,0.3983459973,0.399236661827
skill,0.159632246183,0.123458617792
childhood,0.0622687315956,0.0637421845191
wilder,0.0361730185693,0.113454512545
elliot,0.264367819084,0.134514864867
specialist,0.0176311932156,0.0541962914493
travel,0.459755718069,0.393043853927
howev,0.239003205076,0.167516866787
exploit,0.141904210192,0.0541421453486
quit,2.65139004305,1.47715602993
mph,0.145856908725,0.00963171331862
traci,0.220019771016,0.00499126263734
extrem,0.275431423329,0.206442436604
torranc,0.0,0.110479659153
fiction,0.062433097381,0.0292037396253
measur,0.141477288432,0.0399553017357
bug,0.282256670501,0.294730826387
lawrenc,0.0532808784423,0.0394870440139
pendergast,0.0,0.0951818117986
cb,0.0094168628513,0.132218444684
art,0.669388872847,0.259814816533
convinc,0.166898002355,0.294411170193
float,0.23947195208,0.123236792292
hop,0.124299373005,0.0494564895931
armi,0.486676013603,0.363196028347
socal,0.0537396405956,0.0395893555597
sailor,0.0443574932673,0.41857422318
circl,0.124752847941,0.114130570917
pursu,0.0967643562177,0.0598431894951
notifi,0.0349009615292,0.0638074177843
creasi,0.0,0.199190015799
sum,0.0535183065213,0.0487953729962
restrict,0.0528666491497,0.0597295999881
shield,0.0987357084873,0.266333302791
rocco,0.0,0.079061102237
asleep,0.325554166384,0.347102798805
failur,0.160384912678,0.102973486052
memor,0.0354009416908,0.0442835444539
mon,0.175551759047,0.0344026342645
cool,1.55333555981,0.618269061666
emma,0.00865223395163,0.063100967312
shape,0.256067850893,0.17195254764
state,1.11260750294,1.00109188425
discount,0.0265757862228,0.0540046919128
youll,4.24876932393,3.04880165419
repeat,0.24079957137,0.255573796029
neither,0.476820785227,0.392202645058
chart,0.124995260433,0.0540591612821
soul,0.531621935405,0.304945461973
dose,0.0631614179231,0.0394856988513
kai,0.167371263333,0.180279820628
wilson,0.0875971894796,0.0394334783696
valet,0.0877596335194,0.0295415072883
tore,0.0971372748228,0.0441659957041
sacr,0.16089897001,0.049395974467
rorschach,0.00897664352836,0.0737752975913
custom,0.415071441885,0.264998569596
imit,0.0990657248727,0.0891469824312
rekal,0.0,0.0796762535721
railroad,0.106086187145,0.0735505736171
monsieur,0.168150659928,0.0293827581186
read,2.23565524257,1.67257131379
lighter,0.0712359302264,0.0248358913271
utterli,0.0529261254979,0.0391132233361
loss,0.194293356122,0.118507064583
appropri,0.106280087149,0.0586111509541
veget,0.0620552362832,0.0442601215036
oklahoma,0.0449352080996,0.0581561447258
oliv,0.169402356812,0.107465092308
habit,0.115381813505,0.151387411339
slick,0.0267932362459,0.0444032921098
intuit,0.0708303020097,0.0394624826444
rod,0.185544214963,0.102736945074
dedic,0.0886605950452,0.0196426975536
propos,0.36333099933,0.1519634337
corridor,0.0623007106281,0.0592356976773
nut,0.642766939594,0.334617192959
auction,0.0723425893385,0.0100310729864
flu,0.0721137956614,0.0342342383427
bottom,0.28389966126,0.197028561212
patron,0.0801433735628,0.058630144308
uwhyu,0.0644613502905,0.019867179322
richi,0.00862431116712,0.0635885207364
link,0.0803828586825,0.118280839449
signal,0.168799966978,0.418816820325
custodi,0.0717800553964,0.102879445832
chanc,1.8443996496,1.37468178395
sayer,0.0,0.0820389507561
skin,0.346568493891,0.247474105261
mortal,0.0439900391809,0.049684894527
add,0.248820637941,0.146906123559
honeymoon,0.134402385209,0.0495377998264
receipt,0.0530882802886,0.0689729466646
nun,0.447857818442,0.0866090734929
usual,0.72244693225,0.63166262923
starv,0.150092642147,0.0784564157626
eight,1.17603611804,0.737095993063
morgu,0.0263348249584,0.121971933391
comin,0.151007723961,0.2404412067
style,0.294324553474,0.172991044234
cadet,0.017569278165,0.00982076207732
uh,5.14948623224,1.4311603082
uhuh,0.106418147332,0.068462483626
earn,0.169552005919,0.113188166282
tini,0.220860378745,0.0541953355526
volunt,0.0176641983352,0.138415623383
